,Symbol,Series,Date,Prev Close,Open Price,High Price,Low Price,Last Price,Close Price,Average Price,Total Traded Quantity,Turnover,No. of Trades,Deliverable Qty,% Dly Qt to Traded Qty,Month,Year,Day_Perc_Change,Trend
0,INFY,EQ,2017-05-15,964.25,963.5,963.5,949.1,953.25,951.55,951.49,3648582,3471579745.0,75335,3052819,83.67,5,2017,0.0,Slight or No Change
1,INFY,EQ,2017-05-16,951.55,953.1,960.15,946.95,956.0,955.0,952.92,3065084,2920775219.0,71808,1858063,60.62,5,2017,0.36256633913089864,Slight or No Change
2,INFY,EQ,2017-05-17,955.0,951.6,958.45,943.85,952.9,952.8,949.48,1457754,1384109512.0,75429,792251,54.35,5,2017,-0.23036649214660532,Slight or No Change
3,INFY,EQ,2017-05-18,952.8,943.0,973.9,942.85,960.25,961.75,962.61,4028924,3878281748.0,120990,2309450,57.32,5,2017,0.9393366918555968,Slight Positive
4,INFY,EQ,2017-05-19,961.75,961.5,962.7,947.85,957.4,957.95,954.18,2128698,2031155370.0,88897,1457747,68.48,5,2017,-0.3951130751234655,Slight or No Change
5,INFY,EQ,2017-05-22,957.95,958.4,966.9,956.55,960.0,961.45,962.29,2751526,2647754820.0,99616,2034031,73.92,5,2017,0.3653635367190322,Slight or No Change
6,INFY,EQ,2017-05-23,961.45,964.65,967.0,954.1,957.5,957.3,960.16,2019991,1939514665.0,80122,1436389,71.11,5,2017,-0.43163971085340425,Slight or No Change
7,INFY,EQ,2017-05-24,957.3,960.0,965.5,949.6,957.0,954.8,958.37,2818143,2700826858.0,56898,1913750,67.91,5,2017,-0.2611511542880973,Slight or No Change
8,INFY,EQ,2017-05-25,954.8,961.0,986.6,961.0,981.0,983.3,978.16,5219257,5105249719.0,76160,4108984,78.73,5,2017,2.9849183074989627,Positive
9,INFY,EQ,2017-05-26,983.3,987.0,1000.0,980.6,996.05,995.7,994.06,2494002,2479193882.0,63671,1477643,59.25,5,2017,1.261059696938882,Positive
10,INFY,EQ,2017-05-29,995.7,990.9,996.7,975.7,986.0,985.15,983.11,3154217,3100929032.0,83084,2272869,72.06,5,2017,-1.0595560911921376,Negative
11,INFY,EQ,2017-05-30,985.15,982.0,1000.0,978.65,993.0,996.2,995.45,1858455,1850003638.0,62012,1280033,68.88,5,2017,1.1216566005176842,Positive
12,INFY,EQ,2017-05-31,996.2,993.55,993.55,974.85,976.05,977.05,980.19,3881950,3805051203.0,121323,3086038,79.5,5,2017,-1.9223047580807173,Negative
13,INFY,EQ,2017-06-01,977.05,969.3,979.7,958.55,971.25,971.4,969.49,2754303,2670262585.0,81421,1822506,66.17,6,2017,-0.5782713269535833,Slight Negative
14,INFY,EQ,2017-06-02,971.4,973.4,975.45,964.2,966.0,969.45,968.76,1958983,1897792689.0,48927,1396644,71.29,6,2017,-0.2007411982705265,Slight or No Change
15,INFY,EQ,2017-06-05,969.45,970.0,972.0,957.05,959.0,958.75,961.71,2731349,2626761463.0,83794,1941199,71.07,6,2017,-1.1037186033317936,Negative
16,INFY,EQ,2017-06-06,958.75,965.0,987.5,964.4,980.0,979.35,980.08,3504343,3434525874.0,83178,2018029,57.59,6,2017,2.1486310299869693,Positive
17,INFY,EQ,2017-06-07,979.35,985.0,988.9,945.0,959.3,961.3,963.75,6227523,6001805446.0,139990,2519343,40.45,6,2017,-1.8430591718997413,Negative
18,INFY,EQ,2017-06-08,961.3,962.95,962.95,948.15,956.05,956.45,952.81,3097676,2951501577.0,88147,1778850,57.43,6,2017,-0.5045251222303038,Slight Negative
19,INFY,EQ,2017-06-09,956.45,938.55,950.95,923.0,949.0,948.6,937.55,7378831,6918028230.0,161124,3054942,41.4,6,2017,-0.8207433739348624,Slight Negative
20,INFY,EQ,2017-06-12,948.6,943.35,965.2,940.1,964.4,963.85,953.95,4295838,4097996731.0,89686,2215716,51.58,6,2017,1.6076323002319315,Positive
21,INFY,EQ,2017-06-13,963.85,953.5,962.95,951.6,957.95,957.8,958.26,2468897,2365833764.0,69355,1449584,58.71,6,2017,-0.6276910307620565,Slight Negative
22,INFY,EQ,2017-06-14,957.8,960.0,961.9,951.2,958.5,958.6,957.02,3719055,3559194777.0,90312,2710765,72.89,6,2017,0.08352474420547651,Slight or No Change
23,INFY,EQ,2017-06-15,958.6,959.65,967.95,949.6,951.35,952.1,956.12,2764031,2642752622.0,67490,1852460,67.02,6,2017,-0.6780721886083918,Slight Negative
24,INFY,EQ,2017-06-16,952.1,949.1,953.85,936.0,937.0,940.25,942.47,5474225,5159269025.0,109487,4241070,77.47,6,2017,-1.244617162062811,Negative
25,INFY,EQ,2017-06-19,940.25,939.95,940.25,928.0,930.8,929.85,931.98,3427930,3194759665.0,82075,2297829,67.03,6,2017,-1.1060888061685703,Negative
26,INFY,EQ,2017-06-20,929.85,935.0,946.9,934.05,944.25,943.55,943.01,2592198,2444471885.0,105790,1509148,58.22,6,2017,1.473355917621122,Positive
27,INFY,EQ,2017-06-21,943.55,945.0,949.0,936.05,948.55,943.35,941.04,1867932,1757791621.0,59945,1286468,68.87,6,2017,-0.021196544963164587,Slight or No Change
28,INFY,EQ,2017-06-22,943.35,947.7,968.7,935.1,939.0,940.15,953.78,4732621,4513895878.0,115123,2848768,60.19,6,2017,-0.33921662161446875,Slight or No Change
29,INFY,EQ,2017-06-23,940.15,945.0,949.15,938.0,943.05,943.25,943.77,3201509,3021488880.0,118944,2359021,73.68,6,2017,0.3297346168164683,Slight or No Change
30,INFY,EQ,2017-06-27,943.25,945.0,948.0,923.75,926.0,927.05,929.06,3452330,3207420227.0,113272,2392340,69.3,6,2017,-1.7174662072621305,Negative
31,INFY,EQ,2017-06-28,927.05,932.8,933.0,921.0,924.0,924.7,925.73,2952612,2733310089.0,98295,2094305,70.93,6,2017,-0.25349226039587114,Slight or No Change
32,INFY,EQ,2017-06-29,924.7,930.2,947.95,926.6,929.0,930.2,935.13,7957020,7440838110.0,103952,5660732,71.14,6,2017,0.5947874986482082,Slight Positive
33,INFY,EQ,2017-06-30,930.2,930.8,938.0,929.0,934.4,935.55,934.42,2108350,1970090052.0,64325,1526984,72.43,6,2017,0.5751451300795463,Slight Positive
34,INFY,EQ,2017-07-03,935.55,941.1,955.0,934.6,953.6,951.9,945.66,2544462,2406192366.0,62128,1419172,55.77,7,2017,1.7476350809684238,Positive
35,INFY,EQ,2017-07-04,951.9,953.85,970.0,949.4,961.0,962.15,962.03,2583863,2485762341.0,54690,1493619,57.81,7,2017,1.076793780859342,Positive
36,INFY,EQ,2017-07-05,962.15,959.0,959.0,945.4,952.0,950.9,950.46,2113114,2008422007.0,58308,1201934,56.88,7,2017,-1.1692563529595135,Negative
37,INFY,EQ,2017-07-06,950.9,945.0,957.0,944.2,946.8,947.0,950.12,1914860,1819345351.0,56849,1143132,59.7,7,2017,-0.4101377642233617,Slight or No Change
38,INFY,EQ,2017-07-07,947.0,943.85,945.45,933.05,935.1,935.4,938.78,2888443,2711621746.0,98641,2118035,73.33,7,2017,-1.224920802534324,Negative
39,INFY,EQ,2017-07-10,935.4,945.0,1028.9,937.3,953.3,957.05,953.49,847546,808125207.5,17862,426402,50.31,7,2017,2.3145178533247712,Positive
40,INFY,EQ,2017-07-11,957.05,956.65,989.5,956.65,978.6,975.35,978.98,5769854,5648578195.0,113632,3220051,55.81,7,2017,1.9121258032495758,Positive
41,INFY,EQ,2017-07-12,975.35,974.95,981.5,968.75,973.0,972.35,974.41,3137988,3057672504.0,77201,2147850,68.45,7,2017,-0.3075818936791874,Slight or No Change
42,INFY,EQ,2017-07-13,972.35,977.25,983.45,964.1,980.0,977.05,977.0,2585196,2525724825.0,74502,1139208,44.07,7,2017,0.4833650434514336,Slight or No Change
43,INFY,EQ,2017-07-14,977.05,999.45,1006.85,966.05,970.0,972.05,985.55,11239090,11076697426.0,246571,4902877,43.62,7,2017,-0.5117445371270679,Slight Negative
44,INFY,EQ,2017-07-17,972.05,975.0,992.0,974.0,985.55,984.05,984.54,3849125,3789602386.0,85783,2209178,57.39,7,2017,1.2345043979219206,Positive
45,INFY,EQ,2017-07-18,984.05,986.05,1004.8,981.1,983.65,985.6,995.69,4130090,4112296075.0,93509,2299835,55.68,7,2017,0.1575123215283858,Slight or No Change
46,INFY,EQ,2017-07-19,985.6,981.45,988.65,969.1,979.6,979.85,976.12,2945139,2874801640.0,105595,1545101,52.46,7,2017,-0.5834009740259716,Slight Negative
47,INFY,EQ,2017-07-20,979.85,979.3,979.85,966.95,969.0,969.45,970.69,3404870,3305085666.0,101526,2486394,73.02,7,2017,-1.0613869469816795,Negative
48,INFY,EQ,2017-07-21,969.45,973.0,982.55,971.4,979.9,980.1,978.45,2990377,2925921840.0,68179,1923535,64.32,7,2017,1.0985610397648227,Positive
49,INFY,EQ,2017-07-24,980.1,983.5,994.0,982.6,990.5,990.55,989.58,3064588,3032646958.0,110820,2177458,71.05,7,2017,1.0662177328844002,Positive
50,INFY,EQ,2017-07-25,990.55,990.0,999.0,986.2,994.0,993.85,992.82,3572807,3547155444.0,104586,2636530,73.79,7,2017,0.3331482509716821,Slight or No Change
51,INFY,EQ,2017-07-26,993.85,998.1,999.0,990.4,994.0,994.05,993.84,3435012,3413852845.0,104013,2857462,83.19,7,2017,0.020123761130941276,Slight or No Change
52,INFY,EQ,2017-07-27,994.05,996.0,1004.0,966.8,969.85,971.05,981.64,6338426,6222055607.0,100543,4878648,76.97,7,2017,-2.3137669131331418,Negative
53,INFY,EQ,2017-07-28,971.05,976.0,1003.0,962.3,995.7,997.35,987.2,5549214,5478201640.0,92083,3196985,57.61,7,2017,2.708408423871078,Positive
54,INFY,EQ,2017-07-31,997.35,991.9,1021.7,986.75,1015.0,1011.2,1007.77,9579124,9653593591.0,194493,6840218,71.41,7,2017,1.3886800020053158,Positive
55,INFY,EQ,2017-08-01,1011.2,1011.0,1017.0,998.35,1004.5,1005.55,1005.38,3844699,3865373993.0,74672,2634496,68.52,8,2017,-0.5587420886076,Slight Negative
56,INFY,EQ,2017-08-02,1005.55,1006.0,1012.75,987.2,989.1,993.35,999.06,2128792,2126780545.0,64338,1154252,54.22,8,2017,-1.2132663716374004,Negative
57,INFY,EQ,2017-08-03,993.35,991.0,998.75,980.25,981.8,984.0,988.23,2320174,2292869697.0,64881,1484098,63.96,8,2017,-0.9412593748427067,Slight Negative
58,INFY,EQ,2017-08-04,984.0,988.0,989.0,976.05,983.5,983.75,981.53,2674509,2625108705.0,54851,1951568,72.97,8,2017,-0.025406504065039748,Slight or No Change
59,INFY,EQ,2017-08-07,983.75,983.5,983.75,965.7,966.5,968.25,972.33,3036872,2952834608.0,75997,2439913,80.34,8,2017,-1.5756035578144867,Negative
60,INFY,EQ,2017-08-08,968.25,968.5,970.25,955.05,963.5,963.85,963.45,3002324,2892578681.0,83371,2062272,68.69,8,2017,-0.45442809191840183,Slight or No Change
61,INFY,EQ,2017-08-09,963.85,967.65,973.9,964.55,970.7,969.35,969.56,1961205,1901504150.0,74542,1112721,56.74,8,2017,0.5706282097836857,Slight Positive
62,INFY,EQ,2017-08-10,969.35,969.9,987.5,969.35,984.95,981.25,982.0,4570342,4488072667.0,118468,3294424,72.08,8,2017,1.22762676020014,Positive
63,INFY,EQ,2017-08-11,981.25,976.0,997.0,969.6,986.5,987.7,986.81,3272078,3228922463.0,85957,2064364,63.09,8,2017,0.6573248407643284,Slight Positive
64,INFY,EQ,2017-08-14,987.7,988.0,989.2,977.15,982.0,981.45,981.62,1908235,1873162936.0,83142,1423038,74.57,8,2017,-0.6327832337754358,Slight Negative
65,INFY,EQ,2017-08-16,981.45,982.0,986.1,969.0,979.35,975.2,975.79,3089040,3014254126.0,73688,2010754,65.09,8,2017,-0.6368128789036587,Slight Negative
66,INFY,EQ,2017-08-17,975.2,1005.0,1029.25,998.05,1021.05,1020.85,1012.61,12892130,13054759561.0,219380,8130105,63.06,8,2017,4.681091058244458,Among top gainers
67,INFY,EQ,2017-08-18,1020.85,1017.9,1017.9,884.2,923.15,923.25,932.15,82202480,76625024333.0,1192900,42028494,51.13,8,2017,-9.560660234118634,Bear drop
68,INFY,EQ,2017-08-21,923.25,924.0,924.0,870.0,870.15,873.4,888.68,45203588,40171479151.0,844350,20137307,44.55,8,2017,-5.3994042783644725,Among top losers
69,INFY,EQ,2017-08-22,873.4,895.2,897.05,860.0,876.0,875.4,876.3,24621299,21575553324.0,436450,10004177,40.63,8,2017,0.2289901534233918,Slight or No Change
70,INFY,EQ,2017-08-23,875.4,880.0,903.7,873.9,893.4,892.8,890.37,30642095,27282913879.0,431562,15763891,51.45,8,2017,1.9876627827278837,Positive
71,INFY,EQ,2017-08-24,892.8,910.0,918.25,902.35,911.5,912.15,910.72,21190262,19298432842.0,379260,13139149,62.01,8,2017,2.1673387096774244,Positive
72,INFY,EQ,2017-08-28,912.15,943.95,953.95,938.0,940.3,941.0,944.82,20356054,19232850863.0,339901,11887057,58.4,8,2017,3.1628569862413025,Among top gainers
73,INFY,EQ,2017-08-29,941.0,941.45,942.0,925.55,926.75,927.45,933.49,6684696,6240109664.0,148591,3807364,56.96,8,2017,-1.439957492029753,Negative
74,INFY,EQ,2017-08-30,927.45,937.2,939.0,924.1,926.7,926.65,930.56,8074832,7514125822.0,147639,4723273,58.49,8,2017,-0.0862580193002338,Slight or No Change
75,INFY,EQ,2017-08-31,926.65,928.8,928.95,912.9,915.0,914.95,916.78,7511226,6886139481.0,174045,4983033,66.34,8,2017,-1.2626126369179258,Negative
76,INFY,EQ,2017-09-01,914.95,915.95,925.9,910.0,919.85,919.95,919.57,4216961,3877809876.0,81607,2288888,54.28,9,2017,0.5464779496147321,Slight Positive
77,INFY,EQ,2017-09-04,919.95,921.0,921.1,893.5,899.95,900.2,904.13,5088554,4600718442.0,141455,2605004,51.19,9,2017,-2.146855807380832,Negative
78,INFY,EQ,2017-09-05,900.2,902.0,905.0,897.25,901.0,901.9,901.02,4891696,4407506232.0,79400,3043364,62.21,9,2017,0.18884692290601635,Slight or No Change
79,INFY,EQ,2017-09-06,901.9,900.0,900.3,890.0,896.9,895.6,894.39,3867955,3459475483.0,126593,2169351,56.09,9,2017,-0.698525335403033,Slight Negative
80,INFY,EQ,2017-09-07,895.6,900.0,900.5,892.35,894.65,895.75,896.04,3120596,2796180948.0,74906,2144854,68.73,9,2017,0.016748548459122325,Slight or No Change
81,INFY,EQ,2017-09-08,895.75,899.0,899.0,882.1,884.0,884.3,888.07,4302271,3820696332.0,78811,2781198,64.64,9,2017,-1.2782584426458299,Negative
82,INFY,EQ,2017-09-11,884.3,890.4,891.8,873.65,879.95,878.7,880.91,6893821,6072846748.0,145836,4926886,71.47,9,2017,-0.6332692525160999,Slight Negative
83,INFY,EQ,2017-09-12,878.7,882.55,887.75,878.8,883.25,884.05,881.98,8620677,7603270020.0,94378,7004148,81.25,9,2017,0.6088539888471578,Slight Positive
84,INFY,EQ,2017-09-13,884.05,885.5,887.6,881.0,884.5,883.75,883.75,5739114,5071927188.0,136009,4337096,75.57,9,2017,-0.03393473219840404,Slight or No Change
85,INFY,EQ,2017-09-14,883.75,884.5,896.6,881.6,892.3,892.4,891.42,6849003,6105328297.0,110957,5034797,73.51,9,2017,0.9787835926449828,Slight Positive
86,INFY,EQ,2017-09-15,892.4,892.3,913.25,892.2,908.6,908.25,904.85,6729730,6089408744.0,99888,4438125,65.95,9,2017,1.7761093679964146,Positive
87,INFY,EQ,2017-09-18,908.25,910.0,917.75,906.3,908.8,909.1,912.83,4237930,3868513182.0,77992,3189815,75.27,9,2017,0.09358656757501027,Slight or No Change
88,INFY,EQ,2017-09-19,909.1,908.0,916.0,903.5,912.7,912.25,911.15,3016665,2748642130.0,79618,1885792,62.51,9,2017,0.34649653503464606,Slight or No Change
89,INFY,EQ,2017-09-20,912.25,917.0,917.0,907.45,913.3,912.7,910.97,2883915,2627153268.0,46614,2044262,70.88,9,2017,0.04932858317348021,Slight or No Change
90,INFY,EQ,2017-09-21,912.7,915.0,915.25,908.15,911.0,909.55,910.99,4102076,3736951963.0,42387,3197445,77.95,9,2017,-0.3451298345568232,Slight or No Change
91,INFY,EQ,2017-09-22,909.55,908.15,910.25,888.0,899.0,898.3,897.32,8802044,7898273388.0,101141,6337990,72.01,9,2017,-1.2368753779341435,Negative
92,INFY,EQ,2017-09-25,898.3,901.0,901.95,889.1,901.0,895.35,894.32,4544350,4064084916.0,83796,3038937,66.87,9,2017,-0.3283980852721746,Slight or No Change
93,INFY,EQ,2017-09-26,895.35,897.0,908.4,894.3,901.75,905.9,900.14,3683239,3315416203.0,101232,2519693,68.41,9,2017,1.1783101580387534,Positive
94,INFY,EQ,2017-09-27,905.9,906.1,907.9,895.1,895.9,899.8,900.49,3000069,2701542236.0,88378,1994987,66.5,9,2017,-0.673363505905733,Slight Negative
95,INFY,EQ,2017-09-28,899.8,896.1,903.9,894.3,896.0,896.0,897.71,8768633,7871666208.0,135425,7778115,88.7,9,2017,-0.422316070237827,Slight or No Change
96,INFY,EQ,2017-09-29,896.0,898.0,902.4,895.0,899.0,899.9,899.31,2852916,2565651057.0,79579,2099609,73.6,9,2017,0.43526785714285143,Slight or No Change
97,INFY,EQ,2017-10-03,899.9,910.1,912.0,901.6,903.05,903.55,905.66,2473761,2240392336.0,98569,1968356,79.57,10,2017,0.40560062229135774,Slight or No Change
98,INFY,EQ,2017-10-04,903.55,903.0,905.4,897.15,901.45,899.6,901.13,2495746,2248997167.0,81198,1658660,66.46,10,2017,-0.43716451773558873,Slight or No Change
99,INFY,EQ,2017-10-05,899.6,900.0,904.95,899.0,903.0,903.05,902.78,4305650,3887063883.0,46048,3573231,82.99,10,2017,0.383503779457528,Slight or No Change
100,INFY,EQ,2017-10-06,903.05,904.0,922.0,903.95,920.5,920.15,916.53,4287154,3929315140.0,76214,2820790,65.8,10,2017,1.8935828580920244,Positive
101,INFY,EQ,2017-10-09,920.15,920.0,929.0,914.0,924.25,923.9,923.72,1752416,1618746285.0,39646,1158064,66.08,10,2017,0.40754224854642196,Slight or No Change
102,INFY,EQ,2017-10-10,923.9,939.95,939.95,929.55,935.15,935.45,935.46,3571610,3341105876.0,103093,1997414,55.92,10,2017,1.2501352960277101,Positive
103,INFY,EQ,2017-10-11,935.45,935.45,938.0,928.0,930.6,930.7,932.27,2991252,2788647778.0,95474,2208694,73.84,10,2017,-0.5077770057191677,Slight Negative
104,INFY,EQ,2017-10-12,930.7,930.0,934.35,919.55,928.35,927.3,924.62,5140486,4753015820.0,108653,3208005,62.41,10,2017,-0.3653164284946886,Slight or No Change
105,INFY,EQ,2017-10-13,927.3,932.8,933.5,927.55,929.05,930.1,929.7,3590364,3337968430.0,104364,2662742,74.16,10,2017,0.3019519033754081,Slight or No Change
106,INFY,EQ,2017-10-16,930.1,935.95,942.0,933.0,939.0,939.0,937.81,2879375,2700304306.0,78589,1957128,67.97,10,2017,0.956886356305775,Slight Positive
107,INFY,EQ,2017-10-17,939.0,936.8,936.8,929.5,930.75,930.5,932.11,2812551,2621611619.0,77515,2204290,78.37,10,2017,-0.9052183173588912,Slight Negative
108,INFY,EQ,2017-10-18,930.5,928.9,930.0,922.95,925.0,924.35,926.7,3615926,3350868643.0,78889,2866352,79.27,10,2017,-0.6609349811929066,Slight Negative
109,INFY,EQ,2017-10-19,924.35,930.0,932.0,925.2,927.75,926.95,927.39,545717,506094102.6,13886,379479,69.54,10,2017,0.28127873640937384,Slight or No Change
110,INFY,EQ,2017-10-23,926.95,930.0,942.0,928.1,940.95,939.5,936.18,4577048,4284920340.0,105211,3700749,80.85,10,2017,1.3539025837423724,Positive
111,INFY,EQ,2017-10-24,939.5,946.0,946.65,921.6,924.35,926.5,933.61,7264664,6782341418.0,117978,5282209,72.71,10,2017,-1.383714741883979,Negative
112,INFY,EQ,2017-10-25,926.5,919.0,944.7,915.25,934.25,935.3,934.05,6992067,6530973260.0,176833,4211146,60.23,10,2017,0.9498111171073909,Slight Positive
113,INFY,EQ,2017-10-26,935.3,942.0,951.8,940.1,948.55,947.35,946.46,16829629,15928597286.0,144857,13667670,81.21,10,2017,1.288356677002045,Positive
114,INFY,EQ,2017-10-27,947.35,955.0,957.7,944.0,947.0,946.35,948.86,4262478,4044495152.0,108092,3305472,77.55,10,2017,-0.10555760806459924,Slight or No Change
115,INFY,EQ,2017-10-30,946.35,954.65,954.65,941.05,943.9,944.1,946.96,6484163,6140238516.0,120848,5395557,83.21,10,2017,-0.2377555872563053,Slight or No Change
116,INFY,EQ,2017-10-31,944.1,925.0,930.0,920.0,922.0,921.85,924.74,4977494,4602897345.0,68301,3547519,71.27,10,2017,-2.3567418705645604,Negative
117,INFY,EQ,2017-11-01,921.85,925.0,929.4,923.3,926.0,927.05,925.92,2816567,2607904113.0,59211,2042973,72.53,11,2017,0.5640830937788,Slight Positive
118,INFY,EQ,2017-11-02,927.05,923.05,926.0,920.0,923.1,922.9,923.13,2343069,2162955678.0,81286,1802504,76.93,11,2017,-0.4476565449544223,Slight or No Change
119,INFY,EQ,2017-11-03,922.9,917.0,929.9,916.95,926.8,926.65,926.37,1849543,1713353953.0,51904,1193264,64.52,11,2017,0.40632787951024874,Slight or No Change
120,INFY,EQ,2017-11-06,926.65,923.15,935.0,922.65,928.8,928.7,927.57,2533267,2349782381.0,69707,2018399,79.68,11,2017,0.22122700048563537,Slight or No Change
121,INFY,EQ,2017-11-07,928.7,926.25,960.0,925.85,955.35,955.5,951.18,6721410,6393285439.0,145532,4037210,60.06,11,2017,2.885754280176589,Positive
122,INFY,EQ,2017-11-08,955.5,960.25,961.85,947.5,951.95,952.3,955.2,2684997,2564719195.0,88636,1805469,67.24,11,2017,-0.33490319204605434,Slight or No Change
123,INFY,EQ,2017-11-09,952.3,953.0,963.0,948.25,954.0,954.5,954.92,2361616,2255155224.0,67747,1533245,64.92,11,2017,0.2310196366691164,Slight or No Change
124,INFY,EQ,2017-11-10,954.5,958.8,964.35,950.0,963.5,962.05,959.46,3294714,3161144505.0,63848,2512523,76.26,11,2017,0.7909900471450904,Slight Positive
125,INFY,EQ,2017-11-13,962.05,962.05,969.4,949.35,952.55,951.95,958.24,2510608,2405762223.0,58964,1661218,66.17,11,2017,-1.0498414843303272,Negative
126,INFY,EQ,2017-11-14,951.95,951.95,954.85,943.25,949.1,949.1,948.44,2866855,2719052888.0,74967,2228100,77.72,11,2017,-0.29938547192605025,Slight or No Change
127,INFY,EQ,2017-11-15,949.1,945.15,953.5,944.5,950.75,951.8,950.67,3511758,3338522494.0,98311,2786780,79.36,11,2017,0.28448003371615016,Slight or No Change
128,INFY,EQ,2017-11-16,951.8,951.8,995.9,948.5,989.95,988.4,978.58,7843751,7675734065.0,224690,4903542,62.52,11,2017,3.845345660853128,Among top gainers
129,INFY,EQ,2017-11-17,988.4,985.5,985.5,965.15,965.5,970.95,974.04,4028835,3924263396.0,178425,2591711,64.33,11,2017,-1.7654795629299835,Negative
130,INFY,EQ,2017-11-20,970.95,969.0,971.0,957.25,960.95,960.55,961.63,2830595,2721971566.0,66198,1831803,64.71,11,2017,-1.0711159174004892,Negative
131,INFY,EQ,2017-11-21,960.55,961.3,971.5,960.05,965.5,966.25,966.87,2682328,2593469144.0,74479,1805267,67.3,11,2017,0.5934100255062358,Slight Positive
132,INFY,EQ,2017-11-22,966.25,966.6,971.05,963.3,965.3,966.3,966.54,3042460,2940669553.0,57418,2449238,80.5,11,2017,0.005174644243211013,Slight or No Change
133,INFY,EQ,2017-11-23,966.3,971.5,994.45,969.0,991.15,991.25,984.7,5947309,5856291708.0,141525,3359566,56.49,11,2017,2.5820138673289916,Positive
134,INFY,EQ,2017-11-24,991.25,990.9,1019.3,990.2,1008.0,1009.55,1010.09,9309956,9403912992.0,180427,5767868,61.95,11,2017,1.8461538461538307,Positive
135,INFY,EQ,2017-11-27,1009.55,1006.7,1006.7,993.3,996.55,998.75,997.92,3008865,3002607598.0,75428,1732581,57.58,11,2017,-1.0697835669357558,Negative
136,INFY,EQ,2017-11-28,998.75,994.4,999.9,981.3,982.15,984.7,988.73,2308434,2282406446.0,61722,1311641,56.82,11,2017,-1.4067584480600748,Negative
137,INFY,EQ,2017-11-29,984.7,987.65,991.95,980.3,983.5,982.7,984.37,1919035,1889032576.0,50324,896450,46.71,11,2017,-0.2031075454453135,Slight or No Change
138,INFY,EQ,2017-11-30,982.7,989.45,989.45,968.35,972.5,976.1,978.17,8633472,8445010644.0,126288,5893906,68.27,11,2017,-0.6716190088531637,Slight Negative
139,INFY,EQ,2017-12-01,976.1,979.4,983.2,957.05,960.0,958.8,966.26,2042500,1973590610.0,49881,1012750,49.58,12,2017,-1.7723593894068301,Negative
140,INFY,EQ,2017-12-04,958.8,980.0,996.8,968.55,984.4,985.35,985.73,8905803,8778677871.0,150296,3727405,41.85,12,2017,2.7690863579474367,Positive
141,INFY,EQ,2017-12-05,985.35,985.35,1003.0,979.0,984.3,984.35,990.92,4988369,4943095296.0,106371,2190959,43.92,12,2017,-0.10148678134672684,Slight or No Change
142,INFY,EQ,2017-12-06,984.35,985.0,994.1,984.0,987.8,990.3,989.37,3745047,3705251090.0,121883,2367807,63.23,12,2017,0.6044597958043241,Slight Positive
143,INFY,EQ,2017-12-07,990.3,989.0,1002.9,985.6,999.85,999.8,995.95,3774772,3759492032.0,106502,2442675,64.71,12,2017,0.9593052610320063,Slight Positive
144,INFY,EQ,2017-12-08,999.8,1001.0,1007.0,995.0,999.4,1001.85,1002.25,2991622,2998343941.0,109714,2139664,71.52,12,2017,0.20504100820164517,Slight or No Change
145,INFY,EQ,2017-12-11,1001.85,994.95,1006.9,993.95,1005.4,1005.3,1000.75,2569549,2571485667.0,64951,1914506,74.51,12,2017,0.34436292858210926,Slight or No Change
146,INFY,EQ,2017-12-12,1005.3,1002.0,1014.0,1002.0,1010.5,1010.5,1009.41,4660217,4704066529.0,125676,3609637,77.46,12,2017,0.5172585297920973,Slight Positive
147,INFY,EQ,2017-12-13,1010.5,1010.9,1019.0,997.65,1005.0,1003.75,1010.55,2681199,2709482013.0,89418,1495614,55.78,12,2017,-0.6679861454725433,Slight Negative
148,INFY,EQ,2017-12-14,1003.75,1005.25,1015.0,999.3,1012.3,1013.1,1010.36,3011786,3042976537.0,97393,1876813,62.32,12,2017,0.9315068493150669,Slight Positive
149,INFY,EQ,2017-12-15,1013.1,1013.0,1026.4,1011.85,1019.0,1022.9,1019.21,5192067,5291809165.0,117970,3887254,74.87,12,2017,0.9673280031586184,Slight Positive
150,INFY,EQ,2017-12-18,1022.9,1011.9,1030.7,1005.8,1014.0,1016.6,1019.42,2017724,2056905715.0,67395,841209,41.69,12,2017,-0.615895982011927,Slight Negative
151,INFY,EQ,2017-12-19,1016.6,1017.45,1017.95,999.55,1006.65,1003.95,1007.23,3559449,3585173633.0,87491,2335815,65.62,12,2017,-1.2443438914027105,Negative
152,INFY,EQ,2017-12-20,1003.95,1005.1,1018.6,1001.0,1016.35,1015.85,1011.09,2093163,2116374407.0,68366,1233741,58.94,12,2017,1.1853179939240066,Positive
153,INFY,EQ,2017-12-21,1015.85,1014.8,1028.95,998.4,1021.5,1022.05,1014.97,5529581,5612359298.0,132258,2881998,52.12,12,2017,0.6103263277058568,Slight Positive
154,INFY,EQ,2017-12-22,1022.05,1016.0,1044.8,1016.0,1037.85,1039.35,1035.23,6453470,6680838538.0,148038,4301144,66.65,12,2017,1.6926764835379915,Positive
155,INFY,EQ,2017-12-26,1039.35,1030.0,1041.5,1023.0,1035.0,1035.6,1034.88,5404453,5592980614.0,137301,3845765,71.16,12,2017,-0.36080242459228806,Slight or No Change
156,INFY,EQ,2017-12-27,1035.6,1028.0,1039.1,1027.4,1034.0,1034.25,1034.0,3485086,3603591315.0,101607,2483152,71.25,12,2017,-0.1303592120509789,Slight or No Change
157,INFY,EQ,2017-12-28,1034.25,1030.0,1040.0,1023.8,1030.0,1033.25,1034.41,4216736,4361825789.0,107124,3236750,76.76,12,2017,-0.09668842156151936,Slight or No Change
158,INFY,EQ,2017-12-29,1033.25,1030.1,1048.8,1030.0,1041.25,1042.05,1041.38,3300884,3437461626.0,83693,2238793,67.82,12,2017,0.8516815872247729,Slight Positive
159,INFY,EQ,2018-01-01,1042.05,1037.7,1044.5,1030.0,1032.15,1033.55,1036.23,2715670,2814045584.0,65839,1776744,65.43,1,2018,-0.8156998224653322,Slight Negative
160,INFY,EQ,2018-01-02,1033.55,1037.25,1042.0,1023.0,1028.3,1029.7,1031.43,3056124,3152175059.0,122157,2066488,67.62,1,2018,-0.3725025397900317,Slight or No Change
161,INFY,EQ,2018-01-03,1029.7,1028.5,1031.6,1018.6,1022.0,1021.3,1022.55,3423276,3500475319.0,132588,2428553,70.94,1,2018,-0.8157715839565038,Slight Negative
162,INFY,EQ,2018-01-04,1021.3,1021.0,1021.0,1009.6,1015.0,1015.4,1014.48,4473807,4538566058.0,81236,3101206,69.32,1,2018,-0.5776950944874182,Slight Negative
163,INFY,EQ,2018-01-05,1015.4,1015.3,1026.4,1006.0,1014.25,1012.0,1012.92,5512988,5584193774.0,134727,3907486,70.88,1,2018,-0.3348434114634591,Slight or No Change
164,INFY,EQ,2018-01-08,1012.0,1024.9,1039.0,1020.05,1035.2,1036.05,1029.31,2797345,2879337346.0,73704,1672022,59.77,1,2018,2.3764822134387353,Positive
165,INFY,EQ,2018-01-09,1036.05,1040.0,1044.9,1028.9,1039.0,1041.35,1036.46,4974118,5155470379.0,119611,3285996,66.06,1,2018,0.5115583224747811,Slight Positive
166,INFY,EQ,2018-01-10,1041.35,1046.8,1056.0,1033.05,1053.0,1052.25,1043.96,4734317,4942421496.0,100562,2588309,54.67,1,2018,1.0467182023335075,Positive
167,INFY,EQ,2018-01-11,1052.25,1055.25,1083.4,1055.25,1076.5,1075.8,1069.86,8387735,8973696876.0,134085,5432620,64.77,1,2018,2.2380612972202396,Positive
168,INFY,EQ,2018-01-12,1075.8,1085.8,1085.9,1070.55,1078.65,1078.45,1077.02,9008264,9702068541.0,138377,6331013,70.28,1,2018,0.24632831381299347,Slight or No Change
169,INFY,EQ,2018-01-15,1078.45,1080.0,1092.95,1065.1,1081.0,1081.15,1080.89,5324625,5755343849.0,132189,2580059,48.46,1,2018,0.2503593119755232,Slight or No Change
170,INFY,EQ,2018-01-16,1081.15,1081.25,1134.8,1081.25,1125.0,1122.85,1116.71,11323483,12645064684.0,222629,5830742,51.49,1,2018,3.8570041159875945,Among top gainers
171,INFY,EQ,2018-01-17,1122.85,1124.85,1161.8,1123.0,1148.0,1152.1,1150.95,13077044,15051075123.0,331838,8123219,62.12,1,2018,2.6049784031705103,Positive
172,INFY,EQ,2018-01-18,1152.1,1145.0,1164.9,1132.1,1152.0,1152.7,1148.19,6602485,7580886446.0,148758,4382098,66.37,1,2018,0.052078812603073565,Slight or No Change
173,INFY,EQ,2018-01-19,1152.7,1145.0,1147.9,1136.0,1145.9,1143.45,1142.09,2994139,3419578450.0,104184,1946826,65.02,1,2018,-0.8024637806888224,Slight Negative
174,INFY,EQ,2018-01-22,1143.45,1132.15,1156.95,1132.0,1148.1,1150.0,1144.31,4825107,5521427259.0,136884,3164249,65.58,1,2018,0.5728278455551239,Slight Positive
175,INFY,EQ,2018-01-23,1150.0,1155.0,1188.0,1155.0,1176.0,1177.1,1176.85,7701898,9063945901.0,178542,4413789,57.31,1,2018,2.356521739130435,Positive
176,INFY,EQ,2018-01-24,1177.1,1174.8,1221.05,1167.5,1182.85,1185.8,1195.52,10302359,12316700910.0,204464,5942177,57.68,1,2018,0.7391045790502204,Slight Positive
177,INFY,EQ,2018-01-25,1185.8,1182.0,1183.4,1162.25,1173.7,1175.4,1171.54,6774457,7936550004.0,137327,4319803,63.77,1,2018,-0.8770450328891788,Slight Negative
178,INFY,EQ,2018-01-29,1175.4,1166.55,1196.25,1165.2,1180.55,1182.9,1185.12,5411501,6413293460.0,188700,3575679,66.08,1,2018,0.6380806533945904,Slight Positive
179,INFY,EQ,2018-01-30,1182.9,1178.9,1183.1,1162.7,1168.0,1170.65,1169.32,4314156,5044647007.0,139977,2953957,68.47,1,2018,-1.0355904979288177,Negative
180,INFY,EQ,2018-01-31,1170.65,1159.15,1166.6,1142.15,1149.1,1150.25,1153.93,4606849,5315999681.0,118772,3306082,71.76,1,2018,-1.7426216204672662,Negative
181,INFY,EQ,2018-02-01,1150.25,1142.2,1157.9,1118.55,1144.0,1144.6,1141.19,6502727,7420853135.0,147460,3808868,58.57,2,2018,-0.4911975657465817,Slight or No Change
182,INFY,EQ,2018-02-02,1144.6,1135.25,1162.9,1130.1,1145.3,1143.25,1144.88,5122243,5864360400.0,112441,3377137,65.93,2,2018,-0.117945133671149,Slight or No Change
183,INFY,EQ,2018-02-05,1143.25,1140.0,1154.85,1135.85,1139.9,1138.2,1143.33,4930110,5636743205.0,146880,3737354,75.81,2,2018,-0.44172315766455306,Slight or No Change
184,INFY,EQ,2018-02-06,1138.2,1099.95,1128.35,1095.15,1111.4,1107.75,1113.87,5276039,5876800709.0,136315,3479245,65.94,2,2018,-2.6752767527675303,Negative
185,INFY,EQ,2018-02-07,1107.75,1116.0,1124.8,1103.55,1108.0,1109.05,1113.49,4171028,4644378627.0,147324,2763817,66.26,2,2018,0.11735499887157719,Slight or No Change
186,INFY,EQ,2018-02-08,1109.05,1122.8,1146.4,1116.55,1133.0,1134.25,1138.52,4403622,5013613141.0,105295,2891380,65.66,2,2018,2.2722149587484752,Positive
187,INFY,EQ,2018-02-09,1134.25,1118.0,1120.3,1106.0,1112.0,1109.15,1112.64,2191345,2438184786.0,88836,1186875,54.16,2,2018,-2.2129160238042678,Negative
188,INFY,EQ,2018-02-12,1109.15,1114.8,1120.6,1097.8,1101.0,1102.8,1106.85,3145986,3482147220.0,52343,1986846,63.15,2,2018,-0.5725104809989778,Slight Negative
189,INFY,EQ,2018-02-14,1102.8,1106.0,1117.3,1090.2,1091.0,1097.75,1106.89,4172856,4618905280.0,113292,3010045,72.13,2,2018,-0.45792528110264463,Slight or No Change
190,INFY,EQ,2018-02-15,1097.75,1103.0,1129.7,1103.0,1113.5,1114.45,1118.96,3993368,4468413993.0,99941,2439471,61.09,2,2018,1.5212935549988593,Positive
191,INFY,EQ,2018-02-16,1114.45,1125.0,1141.65,1118.1,1124.65,1128.05,1128.32,4944611,5579126434.0,108882,3112620,62.95,2,2018,1.2203328996365892,Positive
192,INFY,EQ,2018-02-19,1128.05,1128.4,1136.0,1120.3,1134.2,1131.75,1129.16,3230920,3648227633.0,83364,1826082,56.52,2,2018,0.3279996454057965,Slight or No Change
193,INFY,EQ,2018-02-20,1131.75,1103.75,1149.5,1103.75,1135.0,1136.95,1141.14,3594297,4101611225.0,97878,1847456,51.4,2,2018,0.4594654296443679,Slight or No Change
194,INFY,EQ,2018-02-21,1136.95,1147.5,1151.9,1140.0,1145.0,1147.4,1146.98,6885679,7897738207.0,169230,5474712,79.51,2,2018,0.9191257311227385,Slight Positive
195,INFY,EQ,2018-02-22,1147.4,1145.55,1164.0,1140.45,1159.0,1160.75,1157.22,8929987,10333995037.0,151810,6801311,76.16,2,2018,1.1635000871535572,Positive
196,INFY,EQ,2018-02-23,1160.75,1163.5,1166.0,1146.75,1154.4,1155.65,1158.08,4729914,5477635155.0,128746,3177897,67.19,2,2018,-0.439371096273955,Slight or No Change
197,INFY,EQ,2018-02-26,1155.65,1151.0,1155.05,1134.35,1139.95,1138.6,1142.81,2541804,2904793410.0,76083,1626562,63.99,2,2018,-1.4753601869078148,Negative
198,INFY,EQ,2018-02-27,1138.6,1144.95,1153.65,1125.65,1147.7,1150.2,1139.08,3308013,3768101539.0,140175,2156356,65.19,2,2018,1.0187950114175504,Positive
199,INFY,EQ,2018-02-28,1150.2,1147.6,1189.5,1142.55,1169.85,1172.6,1172.09,8634208,10120034870.0,229051,5049780,58.49,2,2018,1.9474873934967718,Positive
200,INFY,EQ,2018-03-01,1172.6,1169.6,1169.6,1156.05,1160.25,1160.75,1161.83,3289926,3822336358.0,95568,2089661,63.52,3,2018,-1.0105747910625906,Negative
201,INFY,EQ,2018-03-05,1160.75,1160.75,1170.8,1143.25,1159.7,1155.9,1158.68,4050728,4693511961.0,150137,2407810,59.44,3,2018,-0.41783329743699804,Slight or No Change
202,INFY,EQ,2018-03-06,1155.9,1162.55,1165.4,1143.6,1146.25,1151.35,1157.61,3344867,3872054670.0,123734,2349339,70.24,3,2018,-0.3936326671857615,Slight or No Change
203,INFY,EQ,2018-03-07,1151.35,1155.0,1160.0,1138.05,1147.8,1144.1,1148.31,3185208,3657594848.0,91049,2099037,65.9,3,2018,-0.6296955747600697,Slight Negative
204,INFY,EQ,2018-03-08,1144.1,1149.0,1165.8,1149.0,1158.0,1156.65,1158.61,3046507,3529721779.0,110975,1784229,58.57,3,2018,1.096932086356106,Positive
205,INFY,EQ,2018-03-09,1156.65,1162.35,1166.0,1155.55,1164.0,1163.4,1162.36,2110482,2453138902.0,83674,1167092,55.3,3,2018,0.5835818959927463,Slight Positive
206,INFY,EQ,2018-03-12,1163.4,1176.0,1191.85,1171.75,1184.0,1185.75,1186.26,3838485,4553456409.0,82530,2208283,57.53,3,2018,1.9210933470861224,Positive
207,INFY,EQ,2018-03-13,1185.75,1180.2,1197.0,1175.15,1182.0,1183.8,1187.19,4290526,5093652781.0,101093,2931653,68.33,3,2018,-0.16445287792536956,Slight or No Change
208,INFY,EQ,2018-03-14,1183.8,1180.0,1190.6,1169.1,1181.1,1180.8,1180.26,2214855,2614111790.0,54069,1203746,54.35,3,2018,-0.25342118601114905,Slight or No Change
209,INFY,EQ,2018-03-15,1180.8,1180.0,1188.4,1172.0,1181.9,1182.5,1180.88,3050750,3602569982.0,49232,2081521,68.23,3,2018,0.1439701897018919,Slight or No Change
210,INFY,EQ,2018-03-16,1182.5,1182.0,1182.4,1169.25,1170.0,1171.9,1172.96,8977413,10530177258.0,156251,7733842,86.15,3,2018,-0.8964059196617247,Slight Negative
211,INFY,EQ,2018-03-19,1171.9,1164.0,1180.5,1142.65,1148.0,1146.75,1156.94,3763310,4353937862.0,114366,2314477,61.5,3,2018,-2.1460875501322696,Negative
212,INFY,EQ,2018-03-20,1146.75,1148.6,1170.0,1148.6,1164.55,1164.55,1159.74,4276883,4960076508.0,111232,3115015,72.83,3,2018,1.5522127752343629,Positive
213,INFY,EQ,2018-03-21,1164.55,1170.0,1175.5,1162.2,1166.2,1167.5,1171.53,3846497,4506270593.0,121529,3113984,80.96,3,2018,0.25331673178481395,Slight or No Change
214,INFY,EQ,2018-03-22,1167.5,1164.5,1177.45,1155.3,1156.0,1161.3,1167.57,3406584,3977430906.0,82774,2545448,74.72,3,2018,-0.5310492505353315,Slight Negative
215,INFY,EQ,2018-03-23,1161.3,1147.0,1173.8,1142.35,1165.0,1167.6,1164.59,6004042,6992254285.0,117145,4213799,70.18,3,2018,0.5424954792043302,Slight Positive
216,INFY,EQ,2018-03-26,1167.6,1166.9,1166.9,1144.0,1155.6,1155.25,1153.17,4465361,5149317139.0,101964,3248748,72.75,3,2018,-1.0577252483727206,Negative
217,INFY,EQ,2018-03-27,1155.25,1160.0,1161.3,1150.1,1152.1,1154.0,1154.45,1901044,2194657346.0,67860,1174247,61.77,3,2018,-0.1082016879463299,Slight or No Change
218,INFY,EQ,2018-03-28,1154.0,1150.75,1150.75,1126.25,1140.0,1131.8,1136.18,6279161,7134252851.0,118878,4775433,76.05,3,2018,-1.9237435008665593,Negative
219,INFY,EQ,2018-04-02,1131.8,1141.0,1149.55,1121.3,1136.7,1137.15,1135.86,4036351,4584716920.0,142078,2960225,73.34,4,2018,0.4726983566001097,Slight or No Change
220,INFY,EQ,2018-04-03,1137.15,1134.7,1143.55,1128.1,1139.4,1140.45,1135.21,2038584,2314226757.0,114034,1366638,67.04,4,2018,0.2901991821659289,Slight or No Change
221,INFY,EQ,2018-04-04,1140.45,1144.0,1144.55,1120.0,1122.7,1124.2,1131.81,2406651,2723878713.0,137029,1472105,61.17,4,2018,-1.4248761453812042,Negative
222,INFY,EQ,2018-04-05,1124.2,1139.55,1151.3,1129.1,1146.05,1147.55,1140.71,3881772,4427993460.0,101745,2899162,74.69,4,2018,2.0770325564845926,Positive
223,INFY,EQ,2018-04-06,1147.55,1143.0,1146.0,1122.1,1127.55,1127.0,1128.81,2968871,3351285043.0,137277,1891236,63.7,4,2018,-1.7907716439370835,Negative
224,INFY,EQ,2018-04-09,1127.0,1125.0,1125.8,1106.55,1111.45,1111.25,1113.12,3601441,4008832077.0,171118,2529586,70.24,4,2018,-1.3975155279503104,Negative
225,INFY,EQ,2018-04-10,1111.25,1112.0,1124.5,1105.4,1114.65,1113.4,1115.77,4463029,4979728695.0,144468,3520250,78.88,4,2018,0.1934758155230698,Slight or No Change
226,INFY,EQ,2018-04-11,1113.4,1118.0,1131.5,1116.5,1124.5,1124.25,1124.78,4512787,5075891573.0,102586,3296304,73.04,4,2018,0.9744925453565534,Slight Positive
227,INFY,EQ,2018-04-12,1124.25,1129.45,1172.75,1125.0,1164.05,1162.6,1157.71,8522183,9866189147.0,216130,5624945,66.0,4,2018,3.411162997553907,Among top gainers
228,INFY,EQ,2018-04-13,1162.6,1174.0,1185.9,1150.25,1168.0,1171.45,1172.37,10613519,12442924999.0,180965,5370870,50.6,4,2018,0.7612248408739086,Slight Positive
229,INFY,EQ,2018-04-16,1171.45,1102.0,1140.0,1102.0,1134.5,1133.2,1125.66,12372542,13927236193.0,201992,5012390,40.51,4,2018,-3.265184173460245,Among top losers
230,INFY,EQ,2018-04-17,1133.2,1127.0,1127.4,1115.0,1124.65,1125.2,1121.63,5198970,5831317996.0,203792,3086531,59.37,4,2018,-0.7059654076950195,Slight Negative
231,INFY,EQ,2018-04-18,1125.2,1122.85,1134.75,1113.85,1125.95,1125.95,1124.27,5215190,5863305787.0,121114,3220905,61.76,4,2018,0.06665481692142983,Slight or No Change
232,INFY,EQ,2018-04-19,1125.95,1124.0,1139.8,1123.1,1133.4,1132.85,1132.61,4262771,4828035904.0,119470,3277709,76.89,4,2018,0.6128158443980514,Slight Positive
233,INFY,EQ,2018-04-20,1132.85,1139.0,1193.7,1136.95,1179.65,1178.45,1171.78,12136346,14221070742.0,213680,7374221,60.76,4,2018,4.025246060820065,Among top gainers
234,INFY,EQ,2018-04-23,1178.45,1168.0,1214.4,1155.25,1185.95,1187.7,1186.79,10915319,12954180381.0,190031,5762099,52.79,4,2018,0.7849293563579218,Slight Positive
235,INFY,EQ,2018-04-24,1187.7,1185.0,1196.4,1150.1,1154.25,1154.5,1168.64,4263108,4982039811.0,87918,2175530,51.03,4,2018,-2.7953186831691568,Negative
236,INFY,EQ,2018-04-25,1154.5,1152.0,1171.0,1145.2,1155.95,1160.35,1160.85,5797089,6729546265.0,122892,3549969,61.24,4,2018,0.5067128627111117,Slight Positive
237,INFY,EQ,2018-04-26,1160.35,1174.0,1181.65,1160.0,1177.05,1176.45,1172.76,5651042,6627322945.0,120489,3710955,65.67,4,2018,1.3875123885034757,Positive
238,INFY,EQ,2018-04-27,1176.45,1180.0,1191.6,1174.2,1184.65,1185.2,1183.9,3831685,4536321753.0,103259,2521063,65.8,4,2018,0.7437630158527719,Slight Positive
239,INFY,EQ,2018-04-30,1185.2,1181.7,1207.95,1180.65,1199.95,1199.5,1199.78,2755839,3306404000.0,80599,1748528,63.45,4,2018,1.2065474181572666,Positive
240,INFY,EQ,2018-05-02,1199.5,1198.9,1201.6,1181.0,1192.1,1197.05,1192.72,5147521,6139572653.0,98610,3916029,76.08,5,2018,-0.20425177157149532,Slight or No Change
241,INFY,EQ,2018-05-03,1197.05,1197.25,1204.7,1176.1,1178.0,1182.55,1195.66,2666115,3187761546.0,114003,1634945,61.32,5,2018,-1.2113111398855514,Negative
242,INFY,EQ,2018-05-04,1182.55,1185.0,1186.0,1155.0,1169.6,1173.1,1165.5,3011684,3510129249.0,92619,1501133,49.84,5,2018,-0.7991205445858518,Slight Negative
243,INFY,EQ,2018-05-07,1173.1,1181.25,1190.0,1175.5,1184.0,1183.0,1181.67,2319480,2740857605.0,66189,1381557,59.56,5,2018,0.8439178245673862,Slight Positive
244,INFY,EQ,2018-05-08,1183.0,1177.9,1177.9,1161.05,1167.5,1165.55,1167.51,2859278,3338246179.0,121067,1833756,64.13,5,2018,-1.4750633981403305,Negative
245,INFY,EQ,2018-05-09,1165.55,1167.5,1176.9,1163.0,1172.0,1170.7,1169.95,1891752,2213260047.0,50914,1226653,64.84,5,2018,0.44185148642272853,Slight or No Change
246,INFY,EQ,2018-05-10,1170.7,1176.0,1183.0,1162.85,1170.0,1168.0,1173.06,1591431,1866843840.0,55801,925580,58.16,5,2018,-0.23063124626292453,Slight or No Change
247,INFY,EQ,2018-05-11,1168.0,1172.3,1183.2,1166.05,1180.6,1180.75,1174.3,1655853,1944465077.0,51911,1040917,62.86,5,2018,1.091609589041087,Positive
248,INFY,EQ,2018-05-14,1180.75,1184.35,1191.5,1170.0,1190.5,1189.3,1184.18,2216047,2624191631.0,118716,1385502,62.52,5,2018,0.7241160279483294,Slight Positive
249,INFY,EQ,2018-05-15,1189.3,1188.1,1208.0,1188.1,1195.2,1194.55,1196.6,2805987,3357654925.0,169798,1400617,49.92,5,2018,0.4414361389052379,Slight or No Change
250,INFY,EQ,2018-05-16,1194.55,1187.25,1198.0,1184.5,1190.7,1189.95,1191.85,3102502,3697718120.0,80951,2232738,71.97,5,2018,-0.38508224854546524,Slight or No Change
251,INFY,EQ,2018-05-17,1189.95,1196.0,1197.45,1173.55,1180.0,1182.9,1186.19,4759799,5646033906.0,108694,3495536,73.44,5,2018,-0.5924618681457217,Slight Negative
252,INFY,EQ,2018-05-18,1182.9,1183.0,1186.55,1173.0,1180.0,1183.2,1181.08,3569830,4216242217.0,118691,2739080,76.73,5,2018,0.02536139994926412,Slight or No Change
253,INFY,EQ,2018-05-21,1183.2,1179.55,1188.4,1170.0,1183.2,1179.5,1182.21,4237660,5009804970.0,94593,3233546,76.3,5,2018,-0.3127112914131258,Slight or No Change
254,INFY,EQ,2018-05-22,1179.5,1175.0,1198.0,1173.9,1195.0,1193.85,1189.56,2818402,3352664150.0,92075,1959648,69.53,5,2018,1.2166172106824913,Positive
255,INFY,EQ,2018-05-23,1193.85,1195.0,1207.65,1181.5,1182.95,1184.9,1198.4,4769221,5715433184.0,155510,3565469,74.76,5,2018,-0.7496754198600963,Slight Negative
256,INFY,EQ,2018-05-24,1184.9,1198.0,1227.55,1198.0,1220.0,1221.0,1217.23,4870285,5928236190.0,115622,2635888,54.12,5,2018,3.0466706051143433,Among top gainers
257,INFY,EQ,2018-05-25,1221.0,1230.1,1248.65,1220.8,1229.55,1228.3,1239.09,4450719,5514861308.0,165203,2833196,63.66,5,2018,0.5978705978705978,Slight Positive
258,INFY,EQ,2018-05-28,1228.3,1231.0,1232.6,1206.0,1212.1,1214.4,1218.07,2869897,3495734649.0,114363,1860121,64.81,5,2018,-1.1316453635105361,Negative
259,INFY,EQ,2018-05-29,1214.4,1214.05,1226.55,1206.2,1219.9,1216.7,1214.01,1694467,2057107218.0,97963,1020909,60.25,5,2018,0.18939393939394478,Slight or No Change
260,INFY,EQ,2018-05-30,1216.7,1217.0,1228.75,1205.6,1210.4,1211.7,1214.64,3161533,3840109182.0,113600,1820341,57.58,5,2018,-0.41094764526998784,Slight or No Change
261,INFY,EQ,2018-05-31,1211.7,1211.7,1242.0,1210.25,1238.0,1231.8,1230.2,9860170,12129968289.0,163732,6917924,70.16,5,2018,1.6588264421886434,Positive
262,INFY,EQ,2018-06-01,1231.8,1230.4,1246.25,1217.2,1222.2,1220.8,1229.79,2499178,3073466731.0,81969,1396541,55.88,6,2018,-0.8930021107322661,Slight Negative
263,INFY,EQ,2018-06-04,1220.8,1221.1,1243.0,1212.0,1241.0,1239.4,1233.14,2135078,2632848474.0,69180,1356014,63.51,6,2018,1.5235910878112824,Positive
264,INFY,EQ,2018-06-05,1239.4,1242.0,1242.0,1217.0,1218.85,1220.85,1226.49,2355431,2888924172.0,85171,1469405,62.38,6,2018,-1.4966919477166551,Negative
265,INFY,EQ,2018-06-06,1220.85,1225.2,1241.55,1220.05,1238.1,1237.45,1234.18,2019092,2491929870.0,98002,1157667,57.34,6,2018,1.3597083998853288,Positive
266,INFY,EQ,2018-06-07,1237.45,1238.0,1258.0,1238.0,1249.3,1252.45,1252.57,3338113,4181210252.0,106204,1876344,56.21,6,2018,1.2121701886944836,Positive
267,INFY,EQ,2018-06-08,1252.45,1248.0,1262.0,1246.05,1258.8,1260.05,1257.48,3229939,4061574692.0,146437,2152796,66.65,6,2018,0.6068106511237792,Slight Positive
268,INFY,EQ,2018-06-11,1260.05,1265.55,1270.0,1255.05,1261.0,1262.4,1262.71,2585645,3264923421.0,94087,1883057,72.83,6,2018,0.18650053569304603,Slight or No Change
269,INFY,EQ,2018-06-12,1262.4,1265.75,1271.25,1250.45,1259.0,1258.5,1258.01,3919910,4931300156.0,90357,2684852,68.49,6,2018,-0.3089353612167334,Slight or No Change
270,INFY,EQ,2018-06-13,1258.5,1266.8,1284.0,1266.8,1275.0,1274.8,1275.2,2883464,3676982074.0,110178,1736971,60.24,6,2018,1.2951926897099675,Positive
271,INFY,EQ,2018-06-14,1274.8,1253.0,1253.0,1234.1,1240.0,1239.7,1242.78,3799424,4721843711.0,142371,2234217,58.8,6,2018,-2.753373078129895,Negative
272,INFY,EQ,2018-06-15,1239.7,1237.0,1291.5,1235.0,1288.8,1281.25,1267.1,9978880,12644285284.0,156513,7198132,72.13,6,2018,3.3516173267726046,Among top gainers
273,INFY,EQ,2018-06-18,1281.25,1284.0,1291.25,1262.35,1264.5,1267.4,1273.18,4107423,5229499471.0,127326,2705510,65.87,6,2018,-1.0809756097560852,Negative
274,INFY,EQ,2018-06-19,1267.4,1263.0,1263.4,1238.05,1242.0,1241.6,1244.36,3772850,4694786854.0,148052,2625680,69.59,6,2018,-2.035663563200263,Negative
275,INFY,EQ,2018-06-20,1241.6,1248.5,1252.35,1238.0,1241.45,1243.15,1245.07,2685901,3344140004.0,92693,1763850,65.67,6,2018,0.12483891752579357,Slight or No Change
276,INFY,EQ,2018-06-21,1243.15,1245.95,1256.5,1236.0,1246.55,1246.55,1247.63,2899395,3617383651.0,138481,1939037,66.88,6,2018,0.27349877327755845,Slight or No Change
277,INFY,EQ,2018-06-22,1246.55,1243.0,1255.5,1241.2,1246.4,1247.85,1249.94,2171559,2714312670.0,91644,1545127,71.15,6,2018,0.10428783442300027,Slight or No Change
278,INFY,EQ,2018-06-25,1247.85,1257.15,1278.8,1254.0,1269.7,1272.45,1271.05,3865589,4913363830.0,137153,2105988,54.48,6,2018,1.9713907921625307,Positive
279,INFY,EQ,2018-06-26,1272.45,1269.0,1283.9,1266.25,1280.05,1277.85,1277.24,2241752,2863258907.0,102746,1303651,58.15,6,2018,0.4243781681009029,Slight or No Change
280,INFY,EQ,2018-06-27,1277.85,1283.95,1293.45,1265.6,1271.5,1270.0,1281.92,3476071,4456049393.0,107138,2254625,64.86,6,2018,-0.6143131040419414,Slight Negative
281,INFY,EQ,2018-06-28,1270.0,1276.3,1298.0,1276.25,1284.3,1289.6,1290.08,5498409,7093380059.0,159341,2847254,51.78,6,2018,1.5433070866141652,Positive
282,INFY,EQ,2018-06-29,1289.6,1298.05,1315.0,1283.25,1310.65,1307.2,1298.31,4983300,6469891050.0,164216,3050563,61.22,6,2018,1.3647642679900818,Positive
283,INFY,EQ,2018-07-02,1307.2,1314.0,1340.0,1314.0,1337.8,1334.7,1325.09,2415072,3200195814.0,80512,1157363,47.92,7,2018,2.1037331701346362,Positive
284,INFY,EQ,2018-07-03,1334.7,1331.9,1357.9,1331.75,1355.5,1353.75,1347.06,4063726,5474101849.0,140810,2374717,58.44,7,2018,1.4272870307934227,Positive
285,INFY,EQ,2018-07-04,1353.75,1352.05,1352.65,1338.85,1348.4,1345.2,1345.49,2512861,3381023805.0,156409,1610582,64.09,7,2018,-0.6315789473684164,Slight Negative
286,INFY,EQ,2018-07-05,1345.2,1347.1,1347.25,1268.1,1286.5,1284.0,1290.51,8509951,10982144289.0,274864,4498851,52.87,7,2018,-4.549509366636939,Among top losers
287,INFY,EQ,2018-07-06,1284.0,1290.25,1301.85,1269.0,1285.15,1284.25,1281.04,5607678,7183683022.0,181138,3185846,56.81,7,2018,0.019470404984422984,Slight or No Change
288,INFY,EQ,2018-07-09,1284.25,1297.0,1303.0,1279.05,1301.2,1298.85,1294.01,3322499,4299340435.0,95341,1941581,58.44,7,2018,1.136850301732517,Positive
289,INFY,EQ,2018-07-10,1298.85,1308.5,1315.45,1294.3,1299.1,1301.4,1305.09,2987244,3898613178.0,109336,1551472,51.94,7,2018,0.19632752049891788,Slight or No Change
290,INFY,EQ,2018-07-11,1301.4,1317.55,1342.1,1291.35,1319.0,1320.45,1317.22,5949916,7837362262.0,131426,2520702,42.37,7,2018,1.4638082065467906,Positive
291,INFY,EQ,2018-07-12,1320.45,1326.1,1327.1,1284.45,1295.0,1294.35,1299.24,6636120,8621906526.0,189258,3884375,58.53,7,2018,-1.9765988867431639,Negative
292,INFY,EQ,2018-07-13,1294.35,1315.0,1331.6,1298.35,1323.0,1317.4,1315.39,9748079,12822503746.0,205562,4621538,47.41,7,2018,1.7808166261057856,Positive
293,INFY,EQ,2018-07-16,1317.4,1317.4,1384.4,1287.7,1336.0,1332.85,1345.93,17672340,23785647476.0,357607,5265555,29.8,7,2018,1.172764536207671,Positive
294,INFY,EQ,2018-07-17,1332.85,1329.7,1349.5,1312.7,1327.3,1327.9,1333.08,5580845,7439721782.0,114793,2701704,48.41,7,2018,-0.3713846269272514,Slight or No Change
295,INFY,EQ,2018-07-18,1327.9,1339.8,1343.4,1314.0,1323.0,1322.55,1325.16,3459508,4584405277.0,134074,1682833,48.64,7,2018,-0.40289178401988757,Slight or No Change
296,INFY,EQ,2018-07-19,1322.55,1323.0,1331.9,1309.1,1315.95,1316.7,1318.01,2559432,3373347801.0,133339,1483151,57.95,7,2018,-0.44232732221843873,Slight or No Change
297,INFY,EQ,2018-07-20,1316.7,1326.0,1367.15,1321.3,1352.0,1348.1,1352.12,5852869,7913782037.0,149871,2819424,48.17,7,2018,2.3847497531708006,Positive
298,INFY,EQ,2018-07-23,1348.1,1352.15,1368.0,1336.25,1351.9,1355.95,1350.21,3837851,5181886478.0,104002,2443216,63.66,7,2018,0.5823010162451014,Slight Positive
299,INFY,EQ,2018-07-24,1355.95,1374.4,1382.4,1356.0,1375.35,1377.15,1368.92,3086123,4224648379.0,104916,1877815,60.85,7,2018,1.5634794793318418,Positive
300,INFY,EQ,2018-07-25,1377.15,1379.0,1393.8,1365.45,1381.15,1383.75,1383.06,3468461,4797085714.0,110230,1922712,55.43,7,2018,0.47925062629341486,Slight or No Change
301,INFY,EQ,2018-07-26,1383.75,1378.55,1390.4,1369.2,1373.7,1373.25,1377.36,3681109,5070228477.0,139712,2424410,65.86,7,2018,-0.7588075880758827,Slight Negative
302,INFY,EQ,2018-07-27,1373.25,1373.2,1389.0,1368.3,1371.2,1373.45,1377.08,3246616,4470848815.0,101649,2173390,66.94,7,2018,0.01456399053341162,Slight or No Change
303,INFY,EQ,2018-07-30,1373.45,1370.0,1373.0,1348.0,1351.0,1351.0,1356.75,3204985,4348358645.0,193055,2451679,76.5,7,2018,-1.6345698787724405,Negative
304,INFY,EQ,2018-07-31,1351.0,1348.55,1370.0,1335.55,1368.0,1365.1,1351.3,3971998,5367357705.0,122270,2765105,69.61,7,2018,1.043671354552167,Positive
305,INFY,EQ,2018-08-01,1365.1,1363.8,1368.45,1351.0,1352.0,1354.05,1355.85,2337853,3169781273.0,106719,1654129,70.75,8,2018,-0.8094645080946372,Slight Negative
306,INFY,EQ,2018-08-02,1354.05,1359.6,1366.75,1350.15,1353.4,1353.65,1357.31,2970371,4031719297.0,87744,2138372,71.99,8,2018,-0.029541006609790088,Slight or No Change
307,INFY,EQ,2018-08-03,1353.65,1366.2,1366.2,1356.0,1365.75,1364.1,1361.34,1985195,2702515816.0,70696,1384580,69.75,8,2018,0.7719868503675009,Slight Positive
308,INFY,EQ,2018-08-06,1364.1,1366.05,1375.0,1347.5,1364.0,1360.65,1358.6,3089465,4197345187.0,68270,2128983,68.91,8,2018,-0.2529140092368487,Slight or No Change
309,INFY,EQ,2018-08-07,1360.65,1374.0,1379.95,1360.65,1367.0,1367.95,1366.36,3675764,5022426261.0,100730,1600841,43.55,8,2018,0.5365082864807302,Slight Positive
310,INFY,EQ,2018-08-08,1367.95,1371.8,1372.5,1353.3,1362.0,1362.75,1362.16,1996179,2719109393.0,80731,1405581,70.41,8,2018,-0.38013085273584934,Slight or No Change
311,INFY,EQ,2018-08-09,1362.75,1373.65,1389.45,1373.65,1379.2,1379.95,1381.59,3204762,4427681633.0,134300,2092586,65.3,8,2018,1.262153733259952,Positive
312,INFY,EQ,2018-08-10,1379.95,1385.8,1389.0,1373.05,1382.25,1385.45,1380.64,2389760,3299401064.0,82581,1661604,69.53,8,2018,0.3985651654045519,Slight or No Change
313,INFY,EQ,2018-08-13,1385.45,1390.0,1409.85,1378.7,1408.0,1408.75,1401.07,4989873,6991140982.0,138356,2323354,46.56,8,2018,1.6817640477823081,Positive
314,INFY,EQ,2018-08-14,1408.75,1413.95,1424.55,1404.0,1407.45,1408.3,1414.34,3075660,4350014453.0,102688,1670272,54.31,8,2018,-0.03194321206744233,Slight or No Change
315,INFY,EQ,2018-08-16,1408.3,1414.95,1434.9,1411.25,1429.0,1429.55,1426.82,3313387,4727597210.0,115380,2278814,68.78,8,2018,1.5089114535255188,Positive
316,INFY,EQ,2018-08-17,1429.55,1430.9,1437.65,1423.0,1426.55,1430.35,1430.85,3195204,4571856691.0,122779,2222525,69.56,8,2018,0.05596166625860821,Slight or No Change
317,INFY,EQ,2018-08-20,1430.35,1388.0,1407.95,1373.5,1388.2,1384.25,1389.04,8050938,11183093868.0,249766,3747784,46.55,8,2018,-3.2229873807110065,Among top losers
318,INFY,EQ,2018-08-21,1384.25,1390.0,1396.0,1373.75,1386.0,1383.95,1381.18,4180741,5774338650.0,126003,2280633,54.55,8,2018,-0.021672385768467528,Slight or No Change
319,INFY,EQ,2018-08-23,1383.95,1393.0,1401.5,1385.35,1400.0,1397.4,1392.99,3858591,5374993201.0,180710,2737234,70.94,8,2018,0.9718559196502774,Slight Positive
320,INFY,EQ,2018-08-24,1397.4,1396.5,1401.9,1376.1,1379.35,1378.3,1386.47,3526500,4889394601.0,109805,2049349,58.11,8,2018,-1.366824101903541,Negative
321,INFY,EQ,2018-08-27,1378.3,1383.0,1419.95,1381.4,1416.0,1415.4,1406.0,3506475,4930091751.0,132478,2245599,64.04,8,2018,2.6917216861350957,Positive
322,INFY,EQ,2018-08-28,1415.4,1417.2,1438.4,1411.5,1425.0,1424.7,1427.92,3248445,4638524929.0,100357,1773021,54.58,8,2018,0.6570580754557076,Slight Positive
323,INFY,EQ,2018-08-29,1424.7,1433.6,1433.6,1405.15,1411.0,1410.1,1412.92,2823248,3989010655.0,89895,1719084,60.89,8,2018,-1.0247771460658472,Negative
324,INFY,EQ,2018-08-30,1410.1,1412.8,1421.55,1396.15,1418.1,1416.2,1411.92,5753981,8124160894.0,96074,4034348,70.11,8,2018,0.4325934330898562,Slight or No Change
325,INFY,EQ,2018-08-31,1416.2,1425.1,1454.3,1421.1,1440.0,1441.1,1439.05,5437932,7825437138.0,124025,3589092,66.0,8,2018,1.7582262392317416,Positive
326,INFY,EQ,2018-09-03,1441.1,1449.0,1467.9,1430.0,1436.2,1434.25,1451.3,5488164,7964966273.0,134643,3571594,65.08,9,2018,-0.47533134411212874,Slight or No Change
327,INFY,EQ,2018-09-04,1434.25,722.0,748.5,716.0,733.0,737.15,739.04,15370124,11359156599.0,258728,6954062,45.24,9,2018,-48.60379989541572,Bear drop
328,INFY,EQ,2018-09-05,737.15,741.95,744.05,725.4,729.0,729.9,734.79,8658978,6362539535.0,202826,3839883,44.35,9,2018,-0.9835176015736247,Slight Negative
329,INFY,EQ,2018-09-06,729.9,732.55,735.5,724.1,726.0,727.15,730.17,5598659,4087988682.0,134849,3493840,62.4,9,2018,-0.37676394026578963,Slight or No Change
330,INFY,EQ,2018-09-07,727.15,734.35,735.15,723.8,734.0,732.8,730.95,6510605,4758936855.0,190264,3810992,58.54,9,2018,0.7770061197827083,Slight Positive
331,INFY,EQ,2018-09-10,732.8,737.75,747.0,729.4,733.4,730.85,736.29,5629871,4145245236.0,112735,3209244,57.0,9,2018,-0.2661026200873273,Slight or No Change
332,INFY,EQ,2018-09-11,730.85,735.9,744.75,732.0,733.7,734.3,738.58,6963561,5143145756.0,137146,3665363,52.64,9,2018,0.4720530888691066,Slight or No Change
333,INFY,EQ,2018-09-12,734.3,744.4,746.5,736.25,740.9,742.9,741.14,4636617,3436370099.0,144311,2545066,54.89,9,2018,1.1711834400109034,Positive
334,INFY,EQ,2018-09-14,742.9,741.9,745.0,729.05,735.0,733.7,735.78,7896514,5810118483.0,191430,4669337,59.13,9,2018,-1.238390092879249,Negative
335,INFY,EQ,2018-09-17,733.7,735.0,740.0,724.6,726.9,725.95,730.79,5427054,3966013456.0,124216,2572371,47.4,9,2018,-1.0562900367997785,Negative
336,INFY,EQ,2018-09-18,725.95,730.0,730.0,717.0,720.0,719.1,720.33,7729732,5567951789.0,116715,2039349,26.38,9,2018,-0.9435911564157351,Slight Negative
337,INFY,EQ,2018-09-19,719.1,727.0,727.0,713.2,719.6,719.75,719.4,4849498,3488751299.0,142071,2917751,60.17,9,2018,0.09039076623555964,Slight or No Change
338,INFY,EQ,2018-09-21,719.75,713.85,717.4,692.0,710.0,705.3,706.4,14350769,10137378694.0,238115,9880217,68.85,9,2018,-2.0076415422021543,Negative
339,INFY,EQ,2018-09-24,705.3,706.5,729.95,706.5,719.95,718.25,721.56,8637881,6232738763.0,183918,5604772,64.89,9,2018,1.836098114277629,Positive
340,INFY,EQ,2018-09-25,718.25,718.25,736.0,717.0,726.0,726.2,727.76,9602273,6988194861.0,223780,5283327,55.02,9,2018,1.106856943961021,Positive
341,INFY,EQ,2018-09-26,726.2,731.2,731.85,712.0,719.9,717.85,720.78,6599606,4756877824.0,110456,4301995,65.19,9,2018,-1.1498209859542863,Negative
342,INFY,EQ,2018-09-27,717.85,722.0,730.8,717.45,724.3,724.8,724.8,14592616,10576733252.0,147797,10485355,71.85,9,2018,0.9681688375008601,Slight Positive
343,INFY,EQ,2018-09-28,724.8,721.0,734.55,715.2,731.7,730.05,727.98,7490031,5452629800.0,166682,4590662,61.29,9,2018,0.7243377483443725,Slight Positive
344,INFY,EQ,2018-10-01,730.05,737.5,754.9,733.0,742.95,746.65,745.05,8252398,6148484239.0,160489,4483016,54.32,10,2018,2.2738168618587906,Positive
345,INFY,EQ,2018-10-03,746.65,743.8,751.95,726.3,728.55,728.5,738.21,7792464,5752480100.0,184479,4931984,63.29,10,2018,-2.4308578316480256,Negative
346,INFY,EQ,2018-10-04,728.5,728.5,729.75,702.5,711.0,707.2,711.02,6173037,4389159561.0,150299,3617395,58.6,10,2018,-2.9238160603980767,Negative
347,INFY,EQ,2018-10-05,707.2,713.0,731.5,709.3,722.5,724.6,717.57,8543578,6130589981.0,141622,4727502,55.33,10,2018,2.460407239818996,Positive
348,INFY,EQ,2018-10-08,724.6,725.05,728.7,709.25,714.65,714.45,717.09,7259306,5205581862.0,244347,4344672,59.85,10,2018,-1.4007728401876918,Negative
349,INFY,EQ,2018-10-09,714.45,717.1,722.4,702.65,721.0,717.75,711.05,6777212,4818903577.0,116349,3665401,54.08,10,2018,0.4618937644341736,Slight or No Change
350,INFY,EQ,2018-10-10,717.75,719.9,719.9,695.4,700.35,700.45,703.19,8866251,6234700033.0,219744,4098711,46.23,10,2018,-2.4103099965168906,Negative
351,INFY,EQ,2018-10-11,700.45,685.0,692.9,663.3,675.4,673.35,676.06,10985897,7427150380.0,285534,5910635,53.8,10,2018,-3.8689413948176155,Among top losers
352,INFY,EQ,2018-10-12,673.35,676.4,684.05,661.5,678.15,678.8,673.71,8909221,6002268067.0,214848,4229073,47.47,10,2018,0.8093859062894282,Slight Positive
353,INFY,EQ,2018-10-15,678.8,688.6,705.0,681.5,703.5,698.8,691.39,6222176,4301952211.0,121763,3187712,51.23,10,2018,2.9463759575721893,Positive
354,INFY,EQ,2018-10-16,698.8,710.0,713.9,689.4,692.0,695.25,702.32,11588963,8139197321.0,266266,4829861,41.68,10,2018,-0.5080137378362881,Slight Negative
355,INFY,EQ,2018-10-17,695.25,710.0,721.8,701.35,705.5,705.35,711.55,20360697,14487628785.0,280701,8842531,43.43,10,2018,1.4527148507730958,Positive
356,INFY,EQ,2018-10-19,705.35,687.0,687.7,678.0,683.5,683.55,682.35,10421001,7110757251.0,245258,6658247,63.89,10,2018,-3.0906642092578207,Among top losers
357,INFY,EQ,2018-10-22,683.55,688.7,695.05,673.8,680.5,679.95,679.08,6672840,4531381462.0,118989,4592757,68.83,10,2018,-0.5266622778143382,Slight Negative
358,INFY,EQ,2018-10-23,679.95,675.95,682.0,653.3,663.05,657.6,663.77,9041701,6001591448.0,206699,6249984,69.12,10,2018,-3.287006397529235,Among top losers
359,INFY,EQ,2018-10-24,657.6,663.0,666.5,647.15,650.0,649.8,653.45,7058164,4612127164.0,151398,4319821,61.2,10,2018,-1.1861313868613221,Negative
360,INFY,EQ,2018-10-25,649.8,643.0,656.35,636.25,647.3,648.75,647.53,8270469,5355339309.0,196622,5315499,64.27,10,2018,-0.1615881809787556,Slight or No Change
361,INFY,EQ,2018-10-26,648.75,645.3,648.7,629.9,634.05,633.6,636.49,5464141,3477864472.0,111447,3187130,58.33,10,2018,-2.3352601156069297,Negative
362,INFY,EQ,2018-10-29,633.6,633.7,650.55,631.5,646.1,644.75,637.82,7137446,4552389118.0,123494,5228816,73.26,10,2018,1.7597853535353591,Positive
363,INFY,EQ,2018-10-30,644.75,641.1,663.8,637.45,658.9,659.6,657.39,8793411,5780678040.0,148842,5764870,65.56,10,2018,2.303218301667309,Positive
364,INFY,EQ,2018-10-31,659.6,663.9,692.95,663.05,685.95,686.4,681.52,11947995,8142844240.0,223319,7659197,64.1,10,2018,4.06306852637961,Among top gainers
365,INFY,EQ,2018-11-01,686.4,689.7,689.7,659.6,667.0,666.7,671.01,5860244,3932276784.0,125725,3282959,56.02,11,2018,-2.870046620046607,Negative
366,INFY,EQ,2018-11-02,666.7,665.95,675.8,660.1,663.2,662.25,665.4,6654067,4427642405.0,148487,3761960,56.54,11,2018,-0.667466626668678,Slight Negative
367,INFY,EQ,2018-11-05,662.25,663.5,668.6,657.0,663.7,666.0,662.36,5799426,3841307501.0,140183,3670964,63.3,11,2018,0.5662514156285381,Slight Positive
368,INFY,EQ,2018-11-06,666.0,667.9,675.0,660.65,667.1,666.45,668.4,6975525,4662445094.0,240509,4371014,62.66,11,2018,0.06756756756758353,Slight or No Change
369,INFY,EQ,2018-11-07,666.45,673.0,677.5,672.0,677.45,675.5,674.86,758956,512188500.7,31522,307741,40.55,11,2018,1.3579413309325439,Positive
370,INFY,EQ,2018-11-09,675.5,679.0,679.0,655.5,658.7,659.5,661.4,9694143,6411724146.0,244092,7091290,73.15,11,2018,-2.3686158401184265,Negative
371,INFY,EQ,2018-11-12,659.5,666.0,676.4,662.3,665.05,664.2,669.82,7118080,4767832302.0,120785,3845132,54.02,11,2018,0.7126611068991817,Slight Positive
372,INFY,EQ,2018-11-13,664.2,663.5,667.75,656.3,664.45,665.7,663.83,4137808,2746782461.0,129103,2641999,63.85,11,2018,0.2258355916892496,Slight or No Change
373,INFY,EQ,2018-11-14,665.7,665.7,665.7,640.5,652.4,653.2,648.72,7323026,4750599516.0,174358,4361316,59.56,11,2018,-1.8777226979119765,Negative
374,INFY,EQ,2018-11-15,653.2,654.0,666.0,646.7,655.65,656.4,660.71,5513390,3642738196.0,130605,3270275,59.32,11,2018,0.48989589712185033,Slight or No Change
375,INFY,EQ,2018-11-16,656.4,659.9,662.5,644.2,652.0,650.85,649.95,8583785,5579053175.0,153414,5561153,64.79,11,2018,-0.8455210237659938,Slight Negative
376,INFY,EQ,2018-11-19,650.85,659.0,662.0,649.25,651.95,651.7,652.75,6018930,3928880482.0,96075,4076816,67.73,11,2018,0.13059844818315014,Slight or No Change
377,INFY,EQ,2018-11-20,651.7,651.7,656.0,640.1,640.6,641.4,645.31,5384830,3474899740.0,105300,3188270,59.21,11,2018,-1.5804818167868717,Negative
378,INFY,EQ,2018-11-21,641.4,640.0,640.05,612.1,619.5,619.1,618.73,14359086,8884401044.0,306110,7301207,50.85,11,2018,-3.4767695665731124,Among top losers
379,INFY,EQ,2018-11-22,619.1,622.25,628.15,616.75,620.85,620.75,623.11,6632975,4133099492.0,120189,3211872,48.42,11,2018,0.2665159101921999,Slight or No Change
380,INFY,EQ,2018-11-26,620.75,621.0,628.0,599.85,621.2,621.45,613.78,15075209,9252894701.0,263089,8758922,58.1,11,2018,0.11276681433749491,Slight or No Change
381,INFY,EQ,2018-11-27,621.45,625.5,641.0,625.3,641.0,638.9,634.88,12285851,7800040731.0,200385,7331501,59.67,11,2018,2.807949151178679,Positive
382,INFY,EQ,2018-11-28,638.9,640.95,668.7,640.0,664.5,666.4,659.36,17719890,11683706177.0,310146,10672554,60.23,11,2018,4.304272969165757,Among top gainers
383,INFY,EQ,2018-11-29,666.4,671.0,674.9,658.8,665.0,661.05,667.03,13399070,8937609219.0,170549,7390099,55.15,11,2018,-0.8028211284513809,Slight Negative
384,INFY,EQ,2018-11-30,661.05,661.0,672.0,660.95,670.0,667.45,667.52,10445773,6972740710.0,118396,6667707,63.83,11,2018,0.9681567203691177,Slight Positive
385,INFY,EQ,2018-12-03,667.45,673.15,679.0,665.95,672.45,670.35,670.58,8260890,5539597359.0,103845,6137214,74.29,12,2018,0.43448947486701694,Slight or No Change
386,INFY,EQ,2018-12-04,670.35,672.55,688.25,671.3,683.0,685.25,682.83,7827923,5345133354.0,129170,4357939,55.67,12,2018,2.222719474901158,Positive
387,INFY,EQ,2018-12-05,685.25,683.0,683.65,672.5,682.05,681.4,678.97,5177288,3515206694.0,96257,3101033,59.9,12,2018,-0.5618387449835893,Slight Negative
388,INFY,EQ,2018-12-06,681.4,676.1,685.45,664.55,669.7,668.5,672.12,8039771,5403659738.0,229269,3922722,48.79,12,2018,-1.8931611388318115,Negative
389,INFY,EQ,2018-12-07,668.5,672.0,685.75,665.6,681.0,682.8,679.07,5553948,3771508979.0,125999,3024829,54.46,12,2018,2.139117427075532,Positive
390,INFY,EQ,2018-12-10,682.8,669.9,683.8,665.2,670.3,669.2,671.47,5121196,3438717513.0,119910,3114377,60.81,12,2018,-1.991798476859974,Negative
391,INFY,EQ,2018-12-11,669.2,669.2,681.9,660.6,673.25,674.5,672.27,7120933,4787161579.0,204697,3767399,52.91,12,2018,0.791990436341905,Slight Positive
392,INFY,EQ,2018-12-12,674.5,677.1,680.65,670.6,678.1,678.5,675.12,6926183,4675985776.0,92411,3725735,53.79,12,2018,0.5930318754633124,Slight Positive
393,INFY,EQ,2018-12-13,678.5,682.0,700.0,680.0,695.35,697.75,690.27,7521474,5191853566.0,187302,4679887,62.22,12,2018,2.8371407516580627,Positive
394,INFY,EQ,2018-12-14,697.75,697.45,713.7,694.4,706.15,706.05,705.93,9560576,6749101215.0,158039,4777005,49.97,12,2018,1.1895378000716494,Positive
395,INFY,EQ,2018-12-17,706.05,711.85,711.85,692.75,692.75,694.4,697.79,4778465,3334376899.0,95026,2319758,48.55,12,2018,-1.6500247857800354,Negative
396,INFY,EQ,2018-12-18,694.4,686.5,686.5,674.55,677.0,676.6,679.65,8021298,5451686819.0,191277,4277069,53.32,12,2018,-2.563364055299533,Negative
397,INFY,EQ,2018-12-19,676.6,671.55,671.55,661.1,664.6,664.85,665.07,8295459,5517046525.0,263253,4781304,57.64,12,2018,-1.7366242979603874,Negative
398,INFY,EQ,2018-12-20,664.85,660.0,671.55,656.4,666.9,667.05,664.34,11705260,7776239037.0,237519,6351199,54.26,12,2018,0.330901707151976,Slight or No Change
399,INFY,EQ,2018-12-21,667.05,659.5,659.5,643.45,646.55,646.2,651.1,12802132,8335493758.0,228130,6537301,51.06,12,2018,-3.1257027209354526,Among top losers
400,INFY,EQ,2018-12-24,646.2,657.0,658.8,647.6,648.5,649.0,652.59,8379825,5468562526.0,140084,3230709,38.55,12,2018,0.4333023831631033,Slight or No Change
401,INFY,EQ,2018-12-26,649.0,647.0,647.0,637.35,643.9,644.05,641.76,6178552,3965160752.0,129003,3192480,51.67,12,2018,-0.7627118644067843,Slight Negative
402,INFY,EQ,2018-12-27,644.05,652.75,663.25,649.0,656.35,656.8,658.16,15333902,10092126951.0,182988,7084546,46.2,12,2018,1.9796599642884827,Positive
403,INFY,EQ,2018-12-28,656.8,663.35,663.5,653.3,656.1,656.95,658.29,4736598,3118076702.0,105527,2225579,46.99,12,2018,0.022838002436076366,Slight or No Change
404,INFY,EQ,2018-12-31,656.95,660.0,662.0,655.8,659.6,658.95,659.27,3373319,2223919550.0,65442,1517551,44.99,12,2018,0.304437171778682,Slight or No Change
405,INFY,EQ,2019-01-01,658.95,660.95,666.3,654.15,665.95,665.05,660.66,2943390,1944579423.0,45422,1282161,43.56,1,2019,0.925715152894746,Slight Positive
406,INFY,EQ,2019-01-02,665.05,666.0,674.0,662.05,668.0,669.05,669.97,7416655,4968962633.0,108094,3880800,52.33,1,2019,0.6014585369521042,Slight Positive
407,INFY,EQ,2019-01-03,669.05,672.0,677.0,663.1,668.0,669.15,669.66,6827249,4571929258.0,125781,3676359,53.85,1,2019,0.014946566026452501,Slight or No Change
408,INFY,EQ,2019-01-04,669.15,671.75,673.9,651.0,660.25,661.05,660.17,7889310,5208304589.0,187590,3747741,47.5,1,2019,-1.210490921318097,Negative
409,INFY,EQ,2019-01-07,661.05,665.0,673.6,661.5,671.7,671.7,667.51,8046340,5370973787.0,132736,4711672,58.56,1,2019,1.6110732924892401,Positive
410,INFY,EQ,2019-01-08,671.7,674.95,677.45,668.55,670.0,670.05,672.86,8621545,5801122720.0,134369,5652959,65.57,1,2019,-0.2456453774006384,Slight or No Change
411,INFY,EQ,2019-01-09,670.05,686.2,689.8,664.0,675.6,676.1,678.41,18130292,12299738075.0,314702,8029281,44.29,1,2019,0.902917692709515,Slight Positive
412,INFY,EQ,2019-01-10,676.1,681.6,682.0,672.55,680.8,679.7,677.63,9572493,6486610276.0,141449,6064060,63.35,1,2019,0.5324656115959225,Slight Positive
413,INFY,EQ,2019-01-11,679.7,680.2,685.5,672.5,684.35,683.5,679.18,12281903,8341603861.0,159694,6409592,52.19,1,2019,0.5590701780197049,Slight Positive
414,INFY,EQ,2019-01-14,683.5,707.0,710.2,695.95,701.3,701.9,701.27,19312937,13543620376.0,289248,7316609,37.88,1,2019,2.6920263350402207,Positive
415,INFY,EQ,2019-01-15,701.9,707.2,730.0,707.2,728.3,726.6,721.52,19671304,14193222353.0,285205,8770235,44.58,1,2019,3.5190198033907993,Among top gainers
416,INFY,EQ,2019-01-16,726.6,729.9,737.8,728.5,735.95,736.8,734.12,9658944,7090838080.0,175301,3769918,39.03,1,2019,1.4037985136250875,Positive
417,INFY,EQ,2019-01-17,736.8,735.8,739.0,729.1,733.2,733.35,733.06,6903771,5060865130.0,155361,3662842,53.06,1,2019,-0.4682410423452632,Slight or No Change
418,INFY,EQ,2019-01-18,733.35,730.0,736.2,726.3,734.0,730.95,730.43,5902151,4311101798.0,117506,3555997,60.25,1,2019,-0.32726528942523814,Slight or No Change
419,INFY,EQ,2019-01-21,730.95,738.2,751.0,734.0,743.25,745.0,744.87,8129422,6055327086.0,207759,4205100,51.73,1,2019,1.9221560982283226,Positive
420,INFY,EQ,2019-01-22,745.0,741.25,749.0,734.0,747.0,745.35,739.94,6723375,4974904339.0,184880,4348471,64.68,1,2019,0.04697986577182345,Slight or No Change
421,INFY,EQ,2019-01-23,745.35,742.35,742.6,729.2,731.65,731.65,735.7,7212099,5305910422.0,114457,4265475,59.14,1,2019,-1.8380626551284696,Negative
422,INFY,EQ,2019-01-24,731.65,728.1,736.1,721.0,734.0,732.0,727.66,7429783,5406365018.0,138534,3721327,50.09,1,2019,0.04783708057132241,Slight or No Change
423,INFY,EQ,2019-01-25,732.0,728.0,737.9,724.25,730.3,730.35,731.7,5543112,4055912046.0,86157,3056302,55.14,1,2019,-0.22540983606557097,Slight or No Change
424,INFY,EQ,2019-01-28,730.35,731.0,732.6,719.0,731.0,727.95,725.12,7944693,5760882919.0,128705,5442114,68.5,1,2019,-0.3286095707537462,Slight or No Change
425,INFY,EQ,2019-01-29,727.95,725.5,732.85,716.5,730.05,727.9,721.76,6760819,4879714903.0,137242,4100300,60.65,1,2019,-0.006868603612897317,Slight or No Change
426,INFY,EQ,2019-01-30,727.9,727.9,734.8,721.1,724.3,725.9,726.45,5763026,4186556192.0,125751,3267862,56.7,1,2019,-0.2747630168979276,Slight or No Change
427,INFY,EQ,2019-01-31,725.9,726.0,751.3,726.0,750.0,749.55,744.47,13825233,10292423935.0,265809,8145259,58.92,1,2019,3.25802452128392,Among top gainers
428,INFY,EQ,2019-02-01,749.55,751.35,762.5,744.5,756.7,757.05,753.37,6276585,4728608322.0,119145,2274954,36.25,2,2019,1.0006003602161195,Positive
429,INFY,EQ,2019-02-04,757.05,757.0,762.5,749.2,755.9,755.9,754.39,3945391,2976361897.0,110537,1894178,48.01,2,2019,-0.15190542236311888,Slight or No Change
430,INFY,EQ,2019-02-05,755.9,747.0,759.95,747.0,755.0,754.85,753.48,4694366,3537094843.0,98651,2610466,55.61,2,2019,-0.13890726286545085,Slight or No Change
431,INFY,EQ,2019-02-06,754.85,755.55,766.95,754.35,763.75,763.3,762.75,5880482,4485360735.0,150791,3188901,54.23,2,2019,1.1194277008677034,Positive
432,INFY,EQ,2019-02-07,763.3,763.05,769.45,761.0,763.0,764.0,766.2,3961797,3035522378.0,102039,2154773,54.39,2,2019,0.09170706144374652,Slight or No Change
433,INFY,EQ,2019-02-08,764.0,760.0,772.25,754.9,760.9,760.9,763.4,5915169,4515625944.0,92824,2722938,46.03,2,2019,-0.40575916230366493,Slight or No Change
434,INFY,EQ,2019-02-11,760.9,766.9,768.75,759.0,760.45,762.8,764.82,5500216,4206653296.0,101154,3149841,57.27,2,2019,0.24970429754238577,Slight or No Change
435,INFY,EQ,2019-02-12,762.8,760.35,760.35,741.0,750.4,750.45,748.38,7310690,5471189241.0,148513,3259568,44.59,2,2019,-1.619035133717872,Negative
436,INFY,EQ,2019-02-13,750.45,750.1,759.7,743.65,754.0,754.9,753.01,5050182,3802821368.0,133702,2418277,47.88,2,2019,0.5929775468052512,Slight Positive
437,INFY,EQ,2019-02-14,754.9,751.0,753.0,737.25,740.35,740.05,745.6,4610535,3437611370.0,113149,2466085,53.49,2,2019,-1.967147966618099,Negative
438,INFY,EQ,2019-02-15,740.05,742.3,746.5,732.6,742.05,741.95,739.44,5586389,4130795666.0,93850,2900003,51.91,2,2019,0.25673940949937357,Slight or No Change
439,INFY,EQ,2019-02-18,741.95,742.35,747.65,736.0,741.0,741.05,739.9,5346825,3956112148.0,105532,3060004,57.23,2,2019,-0.12130197452659974,Slight or No Change
440,INFY,EQ,2019-02-19,741.05,739.1,740.55,721.3,724.0,724.3,726.7,9401334,6831940831.0,124664,4041288,42.99,2,2019,-2.260306322110517,Negative
441,INFY,EQ,2019-02-20,724.3,727.0,743.0,726.05,740.55,740.7,734.78,5210675,3828686486.0,130965,2558375,49.1,2,2019,2.2642551428966096,Positive
442,INFY,EQ,2019-02-21,740.7,738.0,738.0,727.1,734.0,733.45,732.23,7202786,5274097399.0,151794,4504900,62.54,2,2019,-0.978803834210884,Slight Negative
443,INFY,EQ,2019-02-22,733.45,732.5,738.2,728.0,734.9,734.95,733.71,3750833,2752041713.0,99246,1775166,47.33,2,2019,0.2045129183993355,Slight or No Change
444,INFY,EQ,2019-02-25,734.95,735.55,758.0,735.55,755.0,754.9,749.2,6547552,4905413918.0,155205,3296211,50.34,2,2019,2.714470372134148,Positive
445,INFY,EQ,2019-02-26,754.9,748.6,752.6,740.15,741.55,742.5,745.77,8319610,6204521714.0,188778,5101741,61.32,2,2019,-1.642601669095245,Negative
446,INFY,EQ,2019-02-27,742.5,745.0,746.4,732.75,734.5,735.25,738.56,5936354,4384324580.0,181469,3554571,59.88,2,2019,-0.9764309764309753,Slight Negative
447,INFY,EQ,2019-02-28,735.25,738.7,742.4,732.3,734.7,734.3,735.59,8559921,6296619714.0,142436,4612032,53.88,2,2019,-0.1292077524651547,Slight or No Change
448,INFY,EQ,2019-03-01,734.3,735.5,743.4,735.5,741.8,741.9,740.0,3998826,2959115940.0,86883,2141670,53.56,3,2019,1.0349993190793993,Positive
449,INFY,EQ,2019-03-05,741.9,740.5,742.5,730.25,732.75,732.5,734.79,4826505,3546464354.0,187167,2953053,61.18,3,2019,-1.267017118210001,Negative
450,INFY,EQ,2019-03-06,732.5,736.1,736.1,727.0,732.25,732.5,732.02,6076668,4448254459.0,201307,3216638,52.93,3,2019,0.0,Slight or No Change
451,INFY,EQ,2019-03-07,732.5,734.0,734.5,720.55,723.3,722.95,724.84,5951551,4313906550.0,132988,3097595,52.05,3,2019,-1.3037542662115986,Negative
452,INFY,EQ,2019-03-08,722.95,722.95,722.95,710.65,713.2,712.35,714.77,7193994,5142023172.0,154378,3414734,47.47,3,2019,-1.4662148143025133,Negative
453,INFY,EQ,2019-03-11,712.35,713.3,718.5,709.4,711.05,711.25,712.07,9932198,7072398151.0,173911,6593102,66.38,3,2019,-0.15441847406472142,Slight or No Change
454,INFY,EQ,2019-03-12,711.25,709.0,714.95,705.6,706.75,706.95,708.99,11997387,8505977967.0,224748,8806754,73.41,3,2019,-0.6045694200351392,Slight Negative
455,INFY,EQ,2019-03-13,706.95,710.0,718.6,706.3,709.0,708.45,710.81,11348867,8066893617.0,183506,5754904,50.71,3,2019,0.21217907914279355,Slight or No Change
456,INFY,EQ,2019-03-14,708.45,714.0,714.9,706.2,708.45,708.35,710.02,6415187,4554911141.0,158840,3794127,59.14,3,2019,-0.014115322182228773,Slight or No Change
457,INFY,EQ,2019-03-15,708.35,712.0,723.75,709.6,720.0,718.55,717.57,14638664,10504207795.0,174230,9286884,63.44,3,2019,1.439966118444258,Positive
458,INFY,EQ,2019-03-18,718.55,721.55,723.7,705.35,709.5,710.2,715.0,8065544,5766884632.0,169894,4656010,57.73,3,2019,-1.162062486952875,Negative
459,INFY,EQ,2019-03-19,710.2,712.8,726.5,707.4,725.9,722.25,715.22,8917337,6377897941.0,165399,5704607,63.97,3,2019,1.6967051534778843,Positive
460,INFY,EQ,2019-03-20,722.25,727.25,742.3,727.15,737.8,738.95,737.53,13471173,9935368276.0,368666,6929551,51.44,3,2019,2.3122187608169087,Positive
461,INFY,EQ,2019-03-22,738.95,745.0,746.35,732.3,745.0,743.1,741.4,8883260,6586009783.0,186950,5182729,58.34,3,2019,0.5616076865823105,Slight Positive
462,INFY,EQ,2019-03-25,743.1,742.4,742.4,730.55,733.95,735.25,735.24,7644966,5620907955.0,150353,4078146,53.34,3,2019,-1.0563854124613137,Negative
463,INFY,EQ,2019-03-26,735.25,735.25,735.25,719.1,727.8,727.75,724.65,9406261,6816221095.0,220918,5868934,62.39,3,2019,-1.0200612036722179,Negative
464,INFY,EQ,2019-03-27,727.75,730.0,732.3,727.15,728.9,729.7,730.32,7387487,5395199921.0,122789,5505910,74.53,3,2019,0.267949158364833,Slight or No Change
465,INFY,EQ,2019-03-28,729.7,730.0,745.0,730.0,739.1,737.8,739.73,9277241,6862616741.0,187881,5521081,59.51,3,2019,1.1100452240646819,Positive
466,INFY,EQ,2019-03-29,737.8,743.9,747.95,740.0,742.15,743.85,743.49,6924061,5147991154.0,155083,4592403,66.33,3,2019,0.8200054215234509,Slight Positive
467,INFY,EQ,2019-04-01,743.85,742.0,760.0,742.0,753.75,755.1,754.32,6584982,4967199560.0,149150,3788889,57.54,4,2019,1.5124016938898865,Positive
468,INFY,EQ,2019-04-02,755.1,759.0,765.8,754.6,755.0,759.4,760.56,7283600,5539625143.0,169885,4249666,58.35,4,2019,0.5694609985432253,Slight Positive
469,INFY,EQ,2019-04-03,759.4,756.0,758.5,746.8,751.65,753.3,752.48,6897127,5189955761.0,200625,4213270,61.09,4,2019,-0.8032657361074613,Slight Negative
470,INFY,EQ,2019-04-04,753.3,751.4,753.8,745.1,748.95,747.9,748.43,7688525,5754345633.0,178872,5138276,66.83,4,2019,-0.7168458781361964,Slight Negative
471,INFY,EQ,2019-04-05,747.9,750.9,760.95,748.0,759.55,759.3,758.69,6276040,4761576373.0,148065,3851738,61.37,4,2019,1.524267950260727,Positive
472,INFY,EQ,2019-04-08,759.3,763.05,770.0,755.4,769.15,767.25,762.8,4919911,3752910224.0,143815,2380635,48.39,4,2019,1.0470169893322945,Positive
473,INFY,EQ,2019-04-09,767.25,770.0,773.0,758.2,760.8,760.6,765.16,6730692,5150087735.0,146107,3353329,49.82,4,2019,-0.8667318344737662,Slight Negative
474,INFY,EQ,2019-04-10,760.6,764.0,766.7,751.3,752.85,752.7,759.53,7031088,5340336511.0,134089,4201714,59.76,4,2019,-1.038653694451741,Negative
475,INFY,EQ,2019-04-11,752.7,751.75,751.75,740.05,743.4,742.7,744.27,8200995,6103734443.0,158348,5047043,61.54,4,2019,-1.328550551348484,Negative
476,INFY,EQ,2019-04-12,742.7,743.1,751.55,740.6,748.0,747.75,746.82,7043212,5260021361.0,165165,2587611,36.74,4,2019,0.6799515282078783,Slight Positive
477,INFY,EQ,2019-04-15,747.75,724.7,731.35,712.6,728.2,727.5,724.58,31574803,22878628207.0,566543,16753549,53.06,4,2019,-2.7081243731193583,Negative
478,INFY,EQ,2019-04-16,727.5,727.9,727.9,714.1,724.0,724.1,722.4,12524411,9047646706.0,343101,7260034,57.97,4,2019,-0.46735395189002604,Slight or No Change
479,INFY,EQ,2019-04-18,724.1,722.5,722.5,712.75,715.7,717.05,716.8,13801105,9892653589.0,302789,8498108,61.58,4,2019,-0.9736224278414696,Slight Negative
480,INFY,EQ,2019-04-22,717.05,717.05,725.75,715.0,721.3,721.05,721.04,6455426,4654646597.0,115955,3535056,54.76,4,2019,0.5578411547311868,Slight Positive
481,INFY,EQ,2019-04-23,721.05,723.9,730.0,718.4,725.8,728.2,726.32,5516668,4006855184.0,130836,2893716,52.45,4,2019,0.9916094584286883,Slight Positive
482,INFY,EQ,2019-04-24,728.2,728.2,737.9,724.0,735.0,736.45,733.43,8285120,6076539568.0,174385,4993503,60.27,4,2019,1.1329305135951762,Positive
483,INFY,EQ,2019-04-25,736.45,736.45,737.65,727.05,730.05,728.55,730.72,8005235,5849611510.0,174336,5361863,66.98,4,2019,-1.0727136940729243,Negative
484,INFY,EQ,2019-04-26,728.55,731.0,739.8,729.0,738.6,738.0,736.11,6895168,5075636518.0,151426,4168443,60.45,4,2019,1.2970969734404036,Positive
485,INFY,EQ,2019-04-30,738.0,738.0,753.8,738.0,748.85,751.35,748.61,9920046,7426241722.0,165676,6888736,69.44,4,2019,1.8089430894308922,Positive
486,INFY,EQ,2019-05-02,751.35,747.0,748.4,729.5,730.8,730.8,738.19,6351352,4688477303.0,115522,4071262,64.1,5,2019,-2.735076861649044,Negative
487,INFY,EQ,2019-05-03,730.8,722.9,731.0,718.2,723.65,723.6,725.26,6348116,4604058031.0,133663,3735602,58.85,5,2019,-0.985221674876835,Slight Negative
488,INFY,EQ,2019-05-06,723.6,715.0,721.8,710.65,717.15,718.4,718.07,8858265,6360864406.0,148896,6519864,73.6,5,2019,-0.7186290768380399,Slight Negative
489,INFY,EQ,2019-05-07,718.4,720.4,727.9,718.7,724.4,724.55,724.51,5747536,4164126683.0,104342,3690425,64.21,5,2019,0.8560690423162542,Slight Positive
490,INFY,EQ,2019-05-08,724.55,721.0,726.0,716.5,718.95,719.35,721.65,6247642,4508602896.0,162077,3950857,63.24,5,2019,-0.7176868401076453,Slight Negative
491,INFY,EQ,2019-05-09,719.35,719.15,730.3,715.8,722.0,721.05,724.48,7396525,5358635227.0,242225,4808832,65.01,5,2019,0.23632445958154946,Slight or No Change
492,INFY,EQ,2019-05-10,721.05,720.8,726.0,715.0,716.5,716.85,717.88,8352335,5995942203.0,181229,5545377,66.39,5,2019,-0.5824838776783747,Slight Negative
493,INFY,EQ,2019-05-13,716.85,716.55,726.45,712.1,718.0,719.7,720.09,6808993,4903097929.0,201194,4745909,69.7,5,2019,0.3975727139569063,Slight or No Change
